dataset,method,curve,threshold,score
UAV2UAV-2,SUTrack-B224,success,0.0,1.0
UAV2UAV-2,SUTrack-B224,success,0.05,0.9359172384065519
UAV2UAV-2,SUTrack-B224,success,0.1,0.9338697510686447
UAV2UAV-2,SUTrack-B224,success,0.15000000000000002,0.9319659470526959
UAV2UAV-2,SUTrack-B224,success,0.2,0.9290563597830381
UAV2UAV-2,SUTrack-B224,success,0.25,0.9240633643449837
UAV2UAV-2,SUTrack-B224,success,0.30000000000000004,0.9180645856532204
UAV2UAV-2,SUTrack-B224,success,0.35000000000000003,0.9071446531843816
UAV2UAV-2,SUTrack-B224,success,0.4,0.8912317252774884
UAV2UAV-2,SUTrack-B224,success,0.45,0.8709364560508639
UAV2UAV-2,SUTrack-B224,success,0.5,0.8452889830812889
UAV2UAV-2,SUTrack-B224,success,0.55,0.8106253816588239
UAV2UAV-2,SUTrack-B224,success,0.6000000000000001,0.7661194726822084
UAV2UAV-2,SUTrack-B224,success,0.65,0.7113042853550774
UAV2UAV-2,SUTrack-B224,success,0.7000000000000001,0.6511728151154854
UAV2UAV-2,SUTrack-B224,success,0.75,0.5827077122023061
UAV2UAV-2,SUTrack-B224,success,0.8,0.49003196953913575
UAV2UAV-2,SUTrack-B224,success,0.8500000000000001,0.36057329645461406
UAV2UAV-2,SUTrack-B224,success,0.9,0.20431768382485002
UAV2UAV-2,SUTrack-B224,success,0.9500000000000001,0.05014547936348288
UAV2UAV-2,SUTrack-B224,success,1.0,0.0011853874061568304
UAV2UAV-2,SUTrack-B224,center_precision,0.0,0.001760120693990445
UAV2UAV-2,SUTrack-B224,center_precision,1.0,0.07209310679262905
UAV2UAV-2,SUTrack-B224,center_precision,2.0,0.21046014583857178
UAV2UAV-2,SUTrack-B224,center_precision,3.0,0.33374043607888215
UAV2UAV-2,SUTrack-B224,center_precision,4.0,0.4290024785373038
UAV2UAV-2,SUTrack-B224,center_precision,5.0,0.5114048636804482
UAV2UAV-2,SUTrack-B224,center_precision,6.0,0.5769963001544596
UAV2UAV-2,SUTrack-B224,center_precision,7.0,0.6332483207011746
UAV2UAV-2,SUTrack-B224,center_precision,8.0,0.6827472251158446
UAV2UAV-2,SUTrack-B224,center_precision,9.0,0.7226911886202809
UAV2UAV-2,SUTrack-B224,center_precision,10.0,0.755450986026797
UAV2UAV-2,SUTrack-B224,center_precision,11.0,0.780200438234132
UAV2UAV-2,SUTrack-B224,center_precision,12.0,0.8015733323754445
UAV2UAV-2,SUTrack-B224,center_precision,13.0,0.8185638851970257
UAV2UAV-2,SUTrack-B224,center_precision,14.0,0.8343331297819606
UAV2UAV-2,SUTrack-B224,center_precision,15.0,0.84607924135206
UAV2UAV-2,SUTrack-B224,center_precision,16.0,0.858328244549014
UAV2UAV-2,SUTrack-B224,center_precision,17.0,0.8680627896116958
UAV2UAV-2,SUTrack-B224,center_precision,18.0,0.8744926182693343
UAV2UAV-2,SUTrack-B224,center_precision,19.0,0.8810302094184418
UAV2UAV-2,SUTrack-B224,center_precision,20.0,0.8859154423650275
UAV2UAV-2,SUTrack-B224,center_precision,21.0,0.8902977836847588
UAV2UAV-2,SUTrack-B224,center_precision,22.0,0.8936384209202917
UAV2UAV-2,SUTrack-B224,center_precision,23.0,0.8972664247997414
UAV2UAV-2,SUTrack-B224,center_precision,24.0,0.8994935162900967
UAV2UAV-2,SUTrack-B224,center_precision,25.0,0.9023312618987751
UAV2UAV-2,SUTrack-B224,center_precision,26.0,0.9048097992025576
UAV2UAV-2,SUTrack-B224,center_precision,27.0,0.9068932073709545
UAV2UAV-2,SUTrack-B224,center_precision,28.0,0.9083659614210281
UAV2UAV-2,SUTrack-B224,center_precision,29.0,0.9097668738101224
UAV2UAV-2,SUTrack-B224,center_precision,30.0,0.9110959445382377
UAV2UAV-2,SUTrack-B224,center_precision,31.0,0.9130356693846762
UAV2UAV-2,SUTrack-B224,center_precision,32.0,0.9141492151298538
UAV2UAV-2,SUTrack-B224,center_precision,33.0,0.915298681705521
UAV2UAV-2,SUTrack-B224,center_precision,34.0,0.9163044649592299
UAV2UAV-2,SUTrack-B224,center_precision,35.0,0.9172024857214699
UAV2UAV-2,SUTrack-B224,center_precision,36.0,0.9182082689751787
UAV2UAV-2,SUTrack-B224,center_precision,37.0,0.9191422105679083
UAV2UAV-2,SUTrack-B224,center_precision,38.0,0.9196091813642732
UAV2UAV-2,SUTrack-B224,center_precision,39.0,0.9203635188045548
UAV2UAV-2,SUTrack-B224,center_precision,40.0,0.9209382520923883
UAV2UAV-2,SUTrack-B224,center_precision,41.0,0.921512985380222
UAV2UAV-2,SUTrack-B224,center_precision,42.0,0.9221954811595244
UAV2UAV-2,SUTrack-B224,center_precision,43.0,0.9227702144473581
UAV2UAV-2,SUTrack-B224,center_precision,44.0,0.9232012644132332
UAV2UAV-2,SUTrack-B224,center_precision,45.0,0.9238119185315564
UAV2UAV-2,SUTrack-B224,center_precision,46.0,0.9245662559718381
UAV2UAV-2,SUTrack-B224,center_precision,47.0,0.9252128309206509
UAV2UAV-2,SUTrack-B224,center_precision,48.0,0.9255361183950573
UAV2UAV-2,SUTrack-B224,center_precision,49.0,0.9259312475304429
UAV2UAV-2,SUTrack-B224,center_precision,50.0,0.9265419016487662
UAV2UAV-2,SUTrack-B224,normalized_precision,0.0,0.001760120693990445
UAV2UAV-2,SUTrack-B224,normalized_precision,0.01,0.0747153274183699
UAV2UAV-2,SUTrack-B224,normalized_precision,0.02,0.21721326197061677
UAV2UAV-2,SUTrack-B224,normalized_precision,0.03,0.35572398433851793
UAV2UAV-2,SUTrack-B224,normalized_precision,0.04,0.4643844965695607
UAV2UAV-2,SUTrack-B224,normalized_precision,0.05,0.5494450231689356
UAV2UAV-2,SUTrack-B224,normalized_precision,0.06,0.6234778548080031
UAV2UAV-2,SUTrack-B224,normalized_precision,0.07,0.6789755379144365
UAV2UAV-2,SUTrack-B224,normalized_precision,0.08,0.7223679011458745
UAV2UAV-2,SUTrack-B224,normalized_precision,0.09,0.7557383526707138
UAV2UAV-2,SUTrack-B224,normalized_precision,0.1,0.7832896296562376
UAV2UAV-2,SUTrack-B224,normalized_precision,0.11,0.8034052947304142
UAV2UAV-2,SUTrack-B224,normalized_precision,0.12,0.8208268975178706
UAV2UAV-2,SUTrack-B224,normalized_precision,0.13,0.8349078630697941
UAV2UAV-2,SUTrack-B224,normalized_precision,0.14,0.8476597578936025
UAV2UAV-2,SUTrack-B224,normalized_precision,0.15,0.8576457487697116
UAV2UAV-2,SUTrack-B224,normalized_precision,0.16,0.8658716189518302
UAV2UAV-2,SUTrack-B224,normalized_precision,0.17,0.8730557850497503
UAV2UAV-2,SUTrack-B224,normalized_precision,0.18,0.8788749595890657
UAV2UAV-2,SUTrack-B224,normalized_precision,0.19,0.884334925823485
UAV2UAV-2,SUTrack-B224,normalized_precision,0.2,0.8890405546176228
UAV2UAV-2,SUTrack-B224,normalized_precision,0.21,0.893602500089802
UAV2UAV-2,SUTrack-B224,normalized_precision,0.22,0.8965120873594598
UAV2UAV-2,SUTrack-B224,normalized_precision,0.23,0.8990265454937318
UAV2UAV-2,SUTrack-B224,normalized_precision,0.24,0.9011817953231078
UAV2UAV-2,SUTrack-B224,normalized_precision,0.25,0.9042350659147239
UAV2UAV-2,SUTrack-B224,normalized_precision,0.26,0.9064621574050792
UAV2UAV-2,SUTrack-B224,normalized_precision,0.27,0.9088688530478825
UAV2UAV-2,SUTrack-B224,normalized_precision,0.28,0.9103775279284457
UAV2UAV-2,SUTrack-B224,normalized_precision,0.29,0.9114192320126442
UAV2UAV-2,SUTrack-B224,normalized_precision,0.3,0.9127483027407594
UAV2UAV-2,SUTrack-B224,normalized_precision,0.31,0.9136104026725098
UAV2UAV-2,SUTrack-B224,normalized_precision,0.32,0.9146521067567082
UAV2UAV-2,SUTrack-B224,normalized_precision,0.33,0.9156219691799274
UAV2UAV-2,SUTrack-B224,normalized_precision,0.34,0.9165918316031466
UAV2UAV-2,SUTrack-B224,normalized_precision,0.35000000000000003,0.9173820898739179
UAV2UAV-2,SUTrack-B224,normalized_precision,0.36,0.9181364273141995
UAV2UAV-2,SUTrack-B224,normalized_precision,0.37,0.9189266855849707
UAV2UAV-2,SUTrack-B224,normalized_precision,0.38,0.9197528646862315
UAV2UAV-2,SUTrack-B224,normalized_precision,0.39,0.9202198354825963
UAV2UAV-2,SUTrack-B224,normalized_precision,0.4,0.9205431229570028
UAV2UAV-2,SUTrack-B224,normalized_precision,0.41000000000000003,0.9211178562448363
UAV2UAV-2,SUTrack-B224,normalized_precision,0.42,0.9218362728546284
UAV2UAV-2,SUTrack-B224,normalized_precision,0.43,0.9223391644814828
UAV2UAV-2,SUTrack-B224,normalized_precision,0.44,0.9230216602607852
UAV2UAV-2,SUTrack-B224,normalized_precision,0.45,0.9235963935486189
UAV2UAV-2,SUTrack-B224,normalized_precision,0.46,0.9241352060059629
UAV2UAV-2,SUTrack-B224,normalized_precision,0.47000000000000003,0.9247099392937965
UAV2UAV-2,SUTrack-B224,normalized_precision,0.48,0.9252128309206509
UAV2UAV-2,SUTrack-B224,normalized_precision,0.49,0.9257157225475053
UAV2UAV-2,SUTrack-B224,normalized_precision,0.5,0.9262186141743597
UAV2UAV-2,ARTrackV2-B-256,success,0.0,1.0
UAV2UAV-2,ARTrackV2-B-256,success,0.05,0.8477315995545817
UAV2UAV-2,ARTrackV2-B-256,success,0.1,0.8409784834225368
UAV2UAV-2,ARTrackV2-B-256,success,0.15000000000000002,0.835195229713711
UAV2UAV-2,ARTrackV2-B-256,success,0.2,0.8298430259707604
UAV2UAV-2,ARTrackV2-B-256,success,0.25,0.8229462265167571
UAV2UAV-2,ARTrackV2-B-256,success,0.30000000000000004,0.8124932648442832
UAV2UAV-2,ARTrackV2-B-256,success,0.35000000000000003,0.7947124537519308
UAV2UAV-2,ARTrackV2-B-256,success,0.4,0.7772190093034951
UAV2UAV-2,ARTrackV2-B-256,success,0.45,0.7558101943316929
UAV2UAV-2,ARTrackV2-B-256,success,0.5,0.726642479974137
UAV2UAV-2,ARTrackV2-B-256,success,0.55,0.6916196702467761
UAV2UAV-2,ARTrackV2-B-256,success,0.6000000000000001,0.6522504400301735
UAV2UAV-2,ARTrackV2-B-256,success,0.65,0.6048708646143899
UAV2UAV-2,ARTrackV2-B-256,success,0.7000000000000001,0.5519594813032077
UAV2UAV-2,ARTrackV2-B-256,success,0.75,0.49103775279284456
UAV2UAV-2,ARTrackV2-B-256,success,0.8,0.4142030963755882
UAV2UAV-2,ARTrackV2-B-256,success,0.8500000000000001,0.3071590215165775
UAV2UAV-2,ARTrackV2-B-256,success,0.9,0.171378282265886
UAV2UAV-2,ARTrackV2-B-256,success,0.9500000000000001,0.039656596860519415
UAV2UAV-2,ARTrackV2-B-256,success,1.0,0.0011853874061568304
UAV2UAV-2,ARTrackV2-B-256,center_precision,0.0,0.001760120693990445
UAV2UAV-2,ARTrackV2-B-256,center_precision,1.0,0.0584791120370703
UAV2UAV-2,ARTrackV2-B-256,center_precision,2.0,0.16965408240238514
UAV2UAV-2,ARTrackV2-B-256,center_precision,3.0,0.2692625453500485
UAV2UAV-2,ARTrackV2-B-256,center_precision,4.0,0.3483961349186393
UAV2UAV-2,ARTrackV2-B-256,center_precision,5.0,0.4145982255109738
UAV2UAV-2,ARTrackV2-B-256,center_precision,6.0,0.47246668342972087
UAV2UAV-2,ARTrackV2-B-256,center_precision,7.0,0.5221092711663494
UAV2UAV-2,ARTrackV2-B-256,center_precision,8.0,0.5658249218721937
UAV2UAV-2,ARTrackV2-B-256,center_precision,9.0,0.6031107439203994
UAV2UAV-2,ARTrackV2-B-256,center_precision,10.0,0.6332842415316642
UAV2UAV-2,ARTrackV2-B-256,center_precision,11.0,0.659039476992708
UAV2UAV-2,ARTrackV2-B-256,center_precision,12.0,0.6814181543877295
UAV2UAV-2,ARTrackV2-B-256,center_precision,13.0,0.698911598836165
UAV2UAV-2,ARTrackV2-B-256,center_precision,14.0,0.7141779517942455
UAV2UAV-2,ARTrackV2-B-256,center_precision,15.0,0.7263910341607098
UAV2UAV-2,ARTrackV2-B-256,center_precision,16.0,0.7368080750026941
UAV2UAV-2,ARTrackV2-B-256,center_precision,17.0,0.74708143252272
UAV2UAV-2,ARTrackV2-B-256,center_precision,18.0,0.754732569417005
UAV2UAV-2,ARTrackV2-B-256,center_precision,19.0,0.7615934480405187
UAV2UAV-2,ARTrackV2-B-256,center_precision,20.0,0.767233018427386
UAV2UAV-2,ARTrackV2-B-256,center_precision,21.0,0.7724774596788678
UAV2UAV-2,ARTrackV2-B-256,center_precision,22.0,0.7776859800998599
UAV2UAV-2,ARTrackV2-B-256,center_precision,23.0,0.7821401630805704
UAV2UAV-2,ARTrackV2-B-256,center_precision,24.0,0.7855167211465929
UAV2UAV-2,ARTrackV2-B-256,center_precision,25.0,0.7897553791443658
UAV2UAV-2,ARTrackV2-B-256,center_precision,26.0,0.7922698372786379
UAV2UAV-2,ARTrackV2-B-256,center_precision,27.0,0.7950716620568268
UAV2UAV-2,ARTrackV2-B-256,center_precision,28.0,0.79747835769963
UAV2UAV-2,ARTrackV2-B-256,center_precision,29.0,0.8001724199863501
UAV2UAV-2,ARTrackV2-B-256,center_precision,30.0,0.8018606990193613
UAV2UAV-2,ARTrackV2-B-256,center_precision,31.0,0.8037285822048206
UAV2UAV-2,ARTrackV2-B-256,center_precision,32.0,0.805668307051259
UAV2UAV-2,ARTrackV2-B-256,center_precision,33.0,0.8075361902367183
UAV2UAV-2,ARTrackV2-B-256,center_precision,34.0,0.8087934193038543
UAV2UAV-2,ARTrackV2-B-256,center_precision,35.0,0.8101943316929487
UAV2UAV-2,ARTrackV2-B-256,center_precision,36.0,0.8117389274040016
UAV2UAV-2,ARTrackV2-B-256,center_precision,37.0,0.813319443945544
UAV2UAV-2,ARTrackV2-B-256,center_precision,38.0,0.8147203563346385
UAV2UAV-2,ARTrackV2-B-256,center_precision,39.0,0.8160853478932433
UAV2UAV-2,ARTrackV2-B-256,center_precision,40.0,0.8171270519774417
UAV2UAV-2,ARTrackV2-B-256,center_precision,41.0,0.8182046768921297
UAV2UAV-2,ARTrackV2-B-256,center_precision,42.0,0.8190308559933905
UAV2UAV-2,ARTrackV2-B-256,center_precision,43.0,0.820072560077589
UAV2UAV-2,ARTrackV2-B-256,center_precision,44.0,0.821150184992277
UAV2UAV-2,ARTrackV2-B-256,center_precision,45.0,0.8222996515679443
UAV2UAV-2,ARTrackV2-B-256,center_precision,46.0,0.8231976723301843
UAV2UAV-2,ARTrackV2-B-256,center_precision,47.0,0.8240956930924243
UAV2UAV-2,ARTrackV2-B-256,center_precision,48.0,0.8248859513631955
UAV2UAV-2,ARTrackV2-B-256,center_precision,49.0,0.8260713387693523
UAV2UAV-2,ARTrackV2-B-256,center_precision,50.0,0.8269693595315923
UAV2UAV-2,ARTrackV2-B-256,normalized_precision,0.0,0.001760120693990445
UAV2UAV-2,ARTrackV2-B-256,normalized_precision,0.01,0.059664499443227124
UAV2UAV-2,ARTrackV2-B-256,normalized_precision,0.02,0.1758683860770861
UAV2UAV-2,ARTrackV2-B-256,normalized_precision,0.03,0.2938323934049355
UAV2UAV-2,ARTrackV2-B-256,normalized_precision,0.04,0.3941592729623909
UAV2UAV-2,ARTrackV2-B-256,normalized_precision,0.05,0.4717123459894393
UAV2UAV-2,ARTrackV2-B-256,normalized_precision,0.06,0.5333165702791048
UAV2UAV-2,ARTrackV2-B-256,normalized_precision,0.07,0.5833542871511189
UAV2UAV-2,ARTrackV2-B-256,normalized_precision,0.08,0.6179819677430942
UAV2UAV-2,ARTrackV2-B-256,normalized_precision,0.09,0.646179819677431
UAV2UAV-2,ARTrackV2-B-256,normalized_precision,0.1,0.6689177053773483
UAV2UAV-2,ARTrackV2-B-256,normalized_precision,0.11,0.6884227163332016
UAV2UAV-2,ARTrackV2-B-256,normalized_precision,0.12,0.7041201192571572
UAV2UAV-2,ARTrackV2-B-256,normalized_precision,0.13,0.718452530622508
UAV2UAV-2,ARTrackV2-B-256,normalized_precision,0.14,0.7312403462768059
UAV2UAV-2,ARTrackV2-B-256,normalized_precision,0.15,0.7421961995761343
UAV2UAV-2,ARTrackV2-B-256,normalized_precision,0.16,0.7505298322497216
UAV2UAV-2,ARTrackV2-B-256,normalized_precision,0.17,0.7592945148891842
UAV2UAV-2,ARTrackV2-B-256,normalized_precision,0.18,0.7673048600883653
UAV2UAV-2,ARTrackV2-B-256,normalized_precision,0.19,0.7737706095764935
UAV2UAV-2,ARTrackV2-B-256,normalized_precision,0.2,0.7806314882000072
UAV2UAV-2,ARTrackV2-B-256,normalized_precision,0.21,0.7864865835698122
UAV2UAV-2,ARTrackV2-B-256,normalized_precision,0.22,0.7916951039908042
UAV2UAV-2,ARTrackV2-B-256,normalized_precision,0.23,0.7963648119544524
UAV2UAV-2,ARTrackV2-B-256,normalized_precision,0.24,0.8005316282912461
UAV2UAV-2,ARTrackV2-B-256,normalized_precision,0.25,0.8044469988146126
UAV2UAV-2,ARTrackV2-B-256,normalized_precision,0.26,0.8077517152196558
UAV2UAV-2,ARTrackV2-B-256,normalized_precision,0.27,0.8108768274722512
UAV2UAV-2,ARTrackV2-B-256,normalized_precision,0.28,0.8134272064370128
UAV2UAV-2,ARTrackV2-B-256,normalized_precision,0.29,0.8157261395883473
UAV2UAV-2,ARTrackV2-B-256,normalized_precision,0.3,0.8181328352311505
UAV2UAV-2,ARTrackV2-B-256,normalized_precision,0.31,0.819892955925141
UAV2UAV-2,ARTrackV2-B-256,normalized_precision,0.32,0.8214375516361938
UAV2UAV-2,ARTrackV2-B-256,normalized_precision,0.33,0.8223355723984338
UAV2UAV-2,ARTrackV2-B-256,normalized_precision,0.34,0.8233772764826323
UAV2UAV-2,ARTrackV2-B-256,normalized_precision,0.35000000000000003,0.8244908222278099
UAV2UAV-2,ARTrackV2-B-256,normalized_precision,0.36,0.8256402888034772
UAV2UAV-2,ARTrackV2-B-256,normalized_precision,0.37,0.8265023887352275
UAV2UAV-2,ARTrackV2-B-256,normalized_precision,0.38,0.8274722511584468
UAV2UAV-2,ARTrackV2-B-256,normalized_precision,0.39,0.8285498760731348
UAV2UAV-2,ARTrackV2-B-256,normalized_precision,0.4,0.8292323718524373
UAV2UAV-2,ARTrackV2-B-256,normalized_precision,0.41000000000000003,0.8301303926146772
UAV2UAV-2,ARTrackV2-B-256,normalized_precision,0.42,0.8308488092244692
UAV2UAV-2,ARTrackV2-B-256,normalized_precision,0.43,0.8314953841732821
UAV2UAV-2,ARTrackV2-B-256,normalized_precision,0.44,0.832034196630626
UAV2UAV-2,ARTrackV2-B-256,normalized_precision,0.45,0.8328244549013973
UAV2UAV-2,ARTrackV2-B-256,normalized_precision,0.46,0.8336865548331478
UAV2UAV-2,ARTrackV2-B-256,normalized_precision,0.47000000000000003,0.8343690506124501
UAV2UAV-2,ARTrackV2-B-256,normalized_precision,0.48,0.8347641797478358
UAV2UAV-2,ARTrackV2-B-256,normalized_precision,0.49,0.8353029922051798
UAV2UAV-2,ARTrackV2-B-256,normalized_precision,0.5,0.8356622005100758
UAV2UAV-2,MCITrack-B224,success,0.0,1.0
UAV2UAV-2,MCITrack-B224,success,0.05,0.9256079600560365
UAV2UAV-2,MCITrack-B224,success,0.1,0.9234886310571501
UAV2UAV-2,MCITrack-B224,success,0.15000000000000002,0.9211896979058156
UAV2UAV-2,MCITrack-B224,success,0.2,0.9184597147886059
UAV2UAV-2,MCITrack-B224,success,0.25,0.9135385610115306
UAV2UAV-2,MCITrack-B224,success,0.30000000000000004,0.9077193864722153
UAV2UAV-2,MCITrack-B224,success,0.35000000000000003,0.8969072164948454
UAV2UAV-2,MCITrack-B224,success,0.4,0.8808506052659938
UAV2UAV-2,MCITrack-B224,success,0.45,0.8612378318186716
UAV2UAV-2,MCITrack-B224,success,0.5,0.8350874672222421
UAV2UAV-2,MCITrack-B224,success,0.55,0.8025791156291533
UAV2UAV-2,MCITrack-B224,success,0.6000000000000001,0.7587197816013507
UAV2UAV-2,MCITrack-B224,success,0.65,0.7080714106110133
UAV2UAV-2,MCITrack-B224,success,0.7000000000000001,0.6499515068788391
UAV2UAV-2,MCITrack-B224,success,0.75,0.586048349437839
UAV2UAV-2,MCITrack-B224,success,0.8,0.5015984769567873
UAV2UAV-2,MCITrack-B224,success,0.8500000000000001,0.38112001149466573
UAV2UAV-2,MCITrack-B224,success,0.9,0.21926074930852402
UAV2UAV-2,MCITrack-B224,success,0.9500000000000001,0.051079420956212505
UAV2UAV-2,MCITrack-B224,success,1.0,0.0011853874061568304
UAV2UAV-2,MCITrack-B224,center_precision,0.0,0.001760120693990445
UAV2UAV-2,MCITrack-B224,center_precision,1.0,0.07212902762311865
UAV2UAV-2,MCITrack-B224,center_precision,2.0,0.2074068752469557
UAV2UAV-2,MCITrack-B224,center_precision,3.0,0.3227127411185747
UAV2UAV-2,MCITrack-B224,center_precision,4.0,0.41977082510147634
UAV2UAV-2,MCITrack-B224,center_precision,5.0,0.5020295269226625
UAV2UAV-2,MCITrack-B224,center_precision,6.0,0.569488846582133
UAV2UAV-2,MCITrack-B224,center_precision,7.0,0.625202054671504
UAV2UAV-2,MCITrack-B224,center_precision,8.0,0.6753116132044973
UAV2UAV-2,MCITrack-B224,center_precision,9.0,0.712777039405151
UAV2UAV-2,MCITrack-B224,center_precision,10.0,0.7447106577104062
UAV2UAV-2,MCITrack-B224,center_precision,11.0,0.7708251014763461
UAV2UAV-2,MCITrack-B224,center_precision,12.0,0.7910126082115019
UAV2UAV-2,MCITrack-B224,center_precision,13.0,0.8074643485757391
UAV2UAV-2,MCITrack-B224,center_precision,14.0,0.8214734724666835
UAV2UAV-2,MCITrack-B224,center_precision,15.0,0.8337224756636373
UAV2UAV-2,MCITrack-B224,center_precision,16.0,0.8450375372678617
UAV2UAV-2,MCITrack-B224,center_precision,17.0,0.853011961636553
UAV2UAV-2,MCITrack-B224,center_precision,18.0,0.8592981069722332
UAV2UAV-2,MCITrack-B224,center_precision,19.0,0.8647221523761629
UAV2UAV-2,MCITrack-B224,center_precision,20.0,0.8685656812385503
UAV2UAV-2,MCITrack-B224,center_precision,21.0,0.8727684184058335
UAV2UAV-2,MCITrack-B224,center_precision,22.0,0.8768993139121376
UAV2UAV-2,MCITrack-B224,center_precision,23.0,0.8806350802830561
UAV2UAV-2,MCITrack-B224,center_precision,24.0,0.8834728258917346
UAV2UAV-2,MCITrack-B224,center_precision,25.0,0.8861668881784547
UAV2UAV-2,MCITrack-B224,center_precision,26.0,0.8887172671432163
UAV2UAV-2,MCITrack-B224,center_precision,27.0,0.890908437803082
UAV2UAV-2,MCITrack-B224,center_precision,28.0,0.8924889543446245
UAV2UAV-2,MCITrack-B224,center_precision,29.0,0.8941413125471461
UAV2UAV-2,MCITrack-B224,center_precision,30.0,0.8953626207837925
UAV2UAV-2,MCITrack-B224,center_precision,31.0,0.8973382664607206
UAV2UAV-2,MCITrack-B224,center_precision,32.0,0.8987750996803046
UAV2UAV-2,MCITrack-B224,center_precision,33.0,0.9001400912389095
UAV2UAV-2,MCITrack-B224,center_precision,34.0,0.9012177161535975
UAV2UAV-2,MCITrack-B224,center_precision,35.0,0.9027263910341607
UAV2UAV-2,MCITrack-B224,center_precision,36.0,0.9034088868134631
UAV2UAV-2,MCITrack-B224,center_precision,37.0,0.9042709867452136
UAV2UAV-2,MCITrack-B224,center_precision,38.0,0.9052767699989224
UAV2UAV-2,MCITrack-B224,center_precision,39.0,0.9061029491001832
UAV2UAV-2,MCITrack-B224,center_precision,40.0,0.9071805740148712
UAV2UAV-2,MCITrack-B224,center_precision,41.0,0.9079708322856425
UAV2UAV-2,MCITrack-B224,center_precision,42.0,0.9087970113869033
UAV2UAV-2,MCITrack-B224,center_precision,43.0,0.9094795071662057
UAV2UAV-2,MCITrack-B224,center_precision,44.0,0.9100542404540393
UAV2UAV-2,MCITrack-B224,center_precision,45.0,0.9108085778943209
UAV2UAV-2,MCITrack-B224,center_precision,46.0,0.9114192320126442
UAV2UAV-2,MCITrack-B224,center_precision,47.0,0.912245411113905
UAV2UAV-2,MCITrack-B224,center_precision,48.0,0.9128560652322282
UAV2UAV-2,MCITrack-B224,center_precision,49.0,0.9132871151981033
UAV2UAV-2,MCITrack-B224,center_precision,50.0,0.9141132942993642
UAV2UAV-2,MCITrack-B224,normalized_precision,0.0,0.001760120693990445
UAV2UAV-2,MCITrack-B224,normalized_precision,0.01,0.07220086928409784
UAV2UAV-2,MCITrack-B224,normalized_precision,0.02,0.21132224577032221
UAV2UAV-2,MCITrack-B224,normalized_precision,0.03,0.3465282517331801
UAV2UAV-2,MCITrack-B224,normalized_precision,0.04,0.4505549768310643
UAV2UAV-2,MCITrack-B224,normalized_precision,0.05,0.5361902367182729
UAV2UAV-2,MCITrack-B224,normalized_precision,0.06,0.6065232228169115
UAV2UAV-2,MCITrack-B224,normalized_precision,0.07,0.6617335392794281
UAV2UAV-2,MCITrack-B224,normalized_precision,0.08,0.7039045942742196
UAV2UAV-2,MCITrack-B224,normalized_precision,0.09,0.7378138582564029
UAV2UAV-2,MCITrack-B224,normalized_precision,0.1,0.7639642228528324
UAV2UAV-2,MCITrack-B224,normalized_precision,0.11,0.7861632960954057
UAV2UAV-2,MCITrack-B224,normalized_precision,0.12,0.8034412155609038
UAV2UAV-2,MCITrack-B224,normalized_precision,0.13,0.8180969144006609
UAV2UAV-2,MCITrack-B224,normalized_precision,0.14,0.8300585509536981
UAV2UAV-2,MCITrack-B224,normalized_precision,0.15,0.8402241459822551
UAV2UAV-2,MCITrack-B224,normalized_precision,0.16,0.8496713244010201
UAV2UAV-2,MCITrack-B224,normalized_precision,0.17,0.8571787779733467
UAV2UAV-2,MCITrack-B224,normalized_precision,0.18,0.8640037357663709
UAV2UAV-2,MCITrack-B224,normalized_precision,0.19,0.8689248895434463
UAV2UAV-2,MCITrack-B224,normalized_precision,0.2,0.8735586766766048
UAV2UAV-2,MCITrack-B224,normalized_precision,0.21,0.8778332555048672
UAV2UAV-2,MCITrack-B224,normalized_precision,0.22,0.8808865260964833
UAV2UAV-2,MCITrack-B224,normalized_precision,0.23,0.8837242717051618
UAV2UAV-2,MCITrack-B224,normalized_precision,0.24,0.8868134631272675
UAV2UAV-2,MCITrack-B224,normalized_precision,0.25,0.8894356837530084
UAV2UAV-2,MCITrack-B224,normalized_precision,0.26,0.8916627752433637
UAV2UAV-2,MCITrack-B224,normalized_precision,0.27,0.8940694708861668
UAV2UAV-2,MCITrack-B224,normalized_precision,0.28,0.8964761665289701
UAV2UAV-2,MCITrack-B224,normalized_precision,0.29,0.8983440497144294
UAV2UAV-2,MCITrack-B224,normalized_precision,0.3,0.8998527245949927
UAV2UAV-2,MCITrack-B224,normalized_precision,0.31,0.9011099536621286
UAV2UAV-2,MCITrack-B224,normalized_precision,0.32,0.9023312618987751
UAV2UAV-2,MCITrack-B224,normalized_precision,0.33,0.9034448076439527
UAV2UAV-2,MCITrack-B224,normalized_precision,0.34,0.9044146700671719
UAV2UAV-2,MCITrack-B224,normalized_precision,0.35000000000000003,0.9055282158123495
UAV2UAV-2,MCITrack-B224,normalized_precision,0.36,0.9063903157441
UAV2UAV-2,MCITrack-B224,normalized_precision,0.37,0.9075397823197673
UAV2UAV-2,MCITrack-B224,normalized_precision,0.38,0.9084018822515176
UAV2UAV-2,MCITrack-B224,normalized_precision,0.39,0.9093358238442473
UAV2UAV-2,MCITrack-B224,normalized_precision,0.4,0.9099464779625704
UAV2UAV-2,MCITrack-B224,normalized_precision,0.41000000000000003,0.9105212112504041
UAV2UAV-2,MCITrack-B224,normalized_precision,0.42,0.9111677861992169
UAV2UAV-2,MCITrack-B224,normalized_precision,0.43,0.9119939653004777
UAV2UAV-2,MCITrack-B224,normalized_precision,0.44,0.912604619418801
UAV2UAV-2,MCITrack-B224,normalized_precision,0.45,0.913143431876145
UAV2UAV-2,MCITrack-B224,normalized_precision,0.46,0.913682244333489
UAV2UAV-2,MCITrack-B224,normalized_precision,0.47000000000000003,0.9145443442652395
UAV2UAV-2,MCITrack-B224,normalized_precision,0.48,0.9150472358920938
UAV2UAV-2,MCITrack-B224,normalized_precision,0.49,0.9154064441969898
UAV2UAV-2,MCITrack-B224,normalized_precision,0.5,0.9159093358238443
UAV2UAV-2,UETrack-B,success,0.0,1.0
UAV2UAV-2,UETrack-B,success,0.05,0.8385717877797335
UAV2UAV-2,UETrack-B,success,0.1,0.8340098423075542
UAV2UAV-2,UETrack-B,success,0.15000000000000002,0.8297352634792916
UAV2UAV-2,UETrack-B,success,0.2,0.8237364847875283
UAV2UAV-2,UETrack-B,success,0.25,0.8165523186896081
UAV2UAV-2,UETrack-B,success,0.30000000000000004,0.8072129027623118
UAV2UAV-2,UETrack-B,success,0.35000000000000003,0.794604691260462
UAV2UAV-2,UETrack-B,success,0.4,0.7785121592011207
UAV2UAV-2,UETrack-B,success,0.45,0.7582528108049859
UAV2UAV-2,UETrack-B,success,0.5,0.7323538920219835
UAV2UAV-2,UETrack-B,success,0.55,0.7014260569704371
UAV2UAV-2,UETrack-B,success,0.6000000000000001,0.6627393225331369
UAV2UAV-2,UETrack-B,success,0.65,0.6191314343187615
UAV2UAV-2,UETrack-B,success,0.7000000000000001,0.5685549049894033
UAV2UAV-2,UETrack-B,success,0.75,0.5060885807679874
UAV2UAV-2,UETrack-B,success,0.8,0.42849958691044937
UAV2UAV-2,UETrack-B,success,0.8500000000000001,0.3208089371026258
UAV2UAV-2,UETrack-B,success,0.9,0.1766227235173677
UAV2UAV-2,UETrack-B,success,0.9500000000000001,0.03990804267394662
UAV2UAV-2,UETrack-B,success,1.0,0.0011853874061568304
UAV2UAV-2,UETrack-B,center_precision,0.0,0.001760120693990445
UAV2UAV-2,UETrack-B,center_precision,1.0,0.0509357376342541
UAV2UAV-2,UETrack-B,center_precision,2.0,0.1522684004454183
UAV2UAV-2,UETrack-B,center_precision,3.0,0.24688386795502712
UAV2UAV-2,UETrack-B,center_precision,4.0,0.329250332267682
UAV2UAV-2,UETrack-B,center_precision,5.0,0.39681741441862134
UAV2UAV-2,UETrack-B,center_precision,6.0,0.45576349725205645
UAV2UAV-2,UETrack-B,center_precision,7.0,0.5059089766155394
UAV2UAV-2,UETrack-B,center_precision,8.0,0.5475052983224972
UAV2UAV-2,UETrack-B,center_precision,9.0,0.5831746829986709
UAV2UAV-2,UETrack-B,center_precision,10.0,0.6156471137612701
UAV2UAV-2,UETrack-B,center_precision,11.0,0.6420489241711268
UAV2UAV-2,UETrack-B,center_precision,12.0,0.6647868098710442
UAV2UAV-2,UETrack-B,center_precision,13.0,0.6844714249793455
UAV2UAV-2,UETrack-B,center_precision,14.0,0.7008872445130931
UAV2UAV-2,UETrack-B,center_precision,15.0,0.7155788641833399
UAV2UAV-2,UETrack-B,center_precision,16.0,0.7275045799058875
UAV2UAV-2,UETrack-B,center_precision,17.0,0.7386400373576637
UAV2UAV-2,UETrack-B,center_precision,18.0,0.7461474909299903
UAV2UAV-2,UETrack-B,center_precision,19.0,0.753187973705952
UAV2UAV-2,UETrack-B,center_precision,20.0,0.7595459607026115
UAV2UAV-2,UETrack-B,center_precision,21.0,0.7651855310894788
UAV2UAV-2,UETrack-B,center_precision,22.0,0.7708969431373254
UAV2UAV-2,UETrack-B,center_precision,23.0,0.7753511261180358
UAV2UAV-2,UETrack-B,center_precision,24.0,0.7790150508279752
UAV2UAV-2,UETrack-B,center_precision,25.0,0.7830741046733001
UAV2UAV-2,UETrack-B,center_precision,26.0,0.7866661877222602
UAV2UAV-2,UETrack-B,center_precision,27.0,0.7896835374833866
UAV2UAV-2,UETrack-B,center_precision,28.0,0.7924135206005963
UAV2UAV-2,UETrack-B,center_precision,29.0,0.7948920579043788
UAV2UAV-2,UETrack-B,center_precision,30.0,0.7973705952081612
UAV2UAV-2,UETrack-B,center_precision,31.0,0.7995617658680269
UAV2UAV-2,UETrack-B,center_precision,32.0,0.8013218865620173
UAV2UAV-2,UETrack-B,center_precision,33.0,0.8036926613743309
UAV2UAV-2,UETrack-B,center_precision,34.0,0.8061352778476238
UAV2UAV-2,UETrack-B,center_precision,35.0,0.8078235568806351
UAV2UAV-2,UETrack-B,center_precision,36.0,0.8095836775746256
UAV2UAV-2,UETrack-B,center_precision,37.0,0.8108049858112719
UAV2UAV-2,UETrack-B,center_precision,38.0,0.8119185315564496
UAV2UAV-2,UETrack-B,center_precision,39.0,0.813139839793096
UAV2UAV-2,UETrack-B,center_precision,40.0,0.8141097022163153
UAV2UAV-2,UETrack-B,center_precision,41.0,0.8155106146054096
UAV2UAV-2,UETrack-B,center_precision,42.0,0.8165163978591184
UAV2UAV-2,UETrack-B,center_precision,43.0,0.8173066561298897
UAV2UAV-2,UETrack-B,center_precision,44.0,0.8183483602140882
UAV2UAV-2,UETrack-B,center_precision,45.0,0.8193900642982865
UAV2UAV-2,UETrack-B,center_precision,46.0,0.820431768382485
UAV2UAV-2,UETrack-B,center_precision,47.0,0.8210424225008082
UAV2UAV-2,UETrack-B,center_precision,48.0,0.8221918890764754
UAV2UAV-2,UETrack-B,center_precision,49.0,0.8229103056862674
UAV2UAV-2,UETrack-B,center_precision,50.0,0.8237005639570387
UAV2UAV-2,UETrack-B,normalized_precision,0.0,0.001760120693990445
UAV2UAV-2,UETrack-B,normalized_precision,0.01,0.05582097058083983
UAV2UAV-2,UETrack-B,normalized_precision,0.02,0.17109091562196918
UAV2UAV-2,UETrack-B,normalized_precision,0.03,0.2892704479327562
UAV2UAV-2,UETrack-B,normalized_precision,0.04,0.38489169869607387
UAV2UAV-2,UETrack-B,normalized_precision,0.05,0.4637738424512375
UAV2UAV-2,UETrack-B,normalized_precision,0.06,0.5286468623154568
UAV2UAV-2,UETrack-B,normalized_precision,0.07,0.5804087790509717
UAV2UAV-2,UETrack-B,normalized_precision,0.08,0.6183052552175007
UAV2UAV-2,UETrack-B,normalized_precision,0.09,0.6499874277093286
UAV2UAV-2,UETrack-B,normalized_precision,0.1,0.6734078091885485
UAV2UAV-2,UETrack-B,normalized_precision,0.11,0.6927332159919537
UAV2UAV-2,UETrack-B,normalized_precision,0.12,0.7094364021696181
UAV2UAV-2,UETrack-B,normalized_precision,0.13,0.7241280218398649
UAV2UAV-2,UETrack-B,normalized_precision,0.14,0.7359459750709436
UAV2UAV-2,UETrack-B,normalized_precision,0.15,0.7456086784726463
UAV2UAV-2,UETrack-B,normalized_precision,0.16,0.7532957361974209
UAV2UAV-2,UETrack-B,normalized_precision,0.17,0.7606235856172995
UAV2UAV-2,UETrack-B,normalized_precision,0.18,0.7670174934444485
UAV2UAV-2,UETrack-B,normalized_precision,0.19,0.7724774596788678
UAV2UAV-2,UETrack-B,normalized_precision,0.2,0.7770394051510471
UAV2UAV-2,UETrack-B,normalized_precision,0.21,0.7816731922842056
UAV2UAV-2,UETrack-B,normalized_precision,0.22,0.7858040877905097
UAV2UAV-2,UETrack-B,normalized_precision,0.23,0.7884622292467401
UAV2UAV-2,UETrack-B,normalized_precision,0.24,0.7915154998383562
UAV2UAV-2,UETrack-B,normalized_precision,0.25,0.7948920579043788
UAV2UAV-2,UETrack-B,normalized_precision,0.26,0.7971550702252236
UAV2UAV-2,UETrack-B,normalized_precision,0.27,0.7993821617155789
UAV2UAV-2,UETrack-B,normalized_precision,0.28,0.8014655698839758
UAV2UAV-2,UETrack-B,normalized_precision,0.29,0.8031897697474766
UAV2UAV-2,UETrack-B,normalized_precision,0.3,0.8046266029670606
UAV2UAV-2,UETrack-B,normalized_precision,0.31,0.8061711986781135
UAV2UAV-2,UETrack-B,normalized_precision,0.32,0.8074643485757391
UAV2UAV-2,UETrack-B,normalized_precision,0.33,0.8088652609648335
UAV2UAV-2,UETrack-B,normalized_precision,0.34,0.8100865692014799
UAV2UAV-2,UETrack-B,normalized_precision,0.35000000000000003,0.8109486691332304
UAV2UAV-2,UETrack-B,normalized_precision,0.36,0.812062214878408
UAV2UAV-2,UETrack-B,normalized_precision,0.37,0.813139839793096
UAV2UAV-2,UETrack-B,normalized_precision,0.38,0.813858256402888
UAV2UAV-2,UETrack-B,normalized_precision,0.39,0.8146485146736593
UAV2UAV-2,UETrack-B,normalized_precision,0.4,0.8155106146054096
UAV2UAV-2,UETrack-B,normalized_precision,0.41000000000000003,0.8163367937066704
UAV2UAV-2,UETrack-B,normalized_precision,0.42,0.8174144186213586
UAV2UAV-2,UETrack-B,normalized_precision,0.43,0.8180250727396817
UAV2UAV-2,UETrack-B,normalized_precision,0.44,0.8185279643665362
UAV2UAV-2,UETrack-B,normalized_precision,0.45,0.8192104601458385
UAV2UAV-2,UETrack-B,normalized_precision,0.46,0.8202162433995474
UAV2UAV-2,UETrack-B,normalized_precision,0.47000000000000003,0.8208987391788498
UAV2UAV-2,UETrack-B,normalized_precision,0.48,0.8215812349581523
UAV2UAV-2,UETrack-B,normalized_precision,0.49,0.8222996515679443
UAV2UAV-2,UETrack-B,normalized_precision,0.5,0.8228743848557779
UAV2UAV-2,RLSM-IMMTrack,success,0.0,1.0
UAV2UAV-2,RLSM-IMMTrack,success,0.05,0.9371385466431984
UAV2UAV-2,RLSM-IMMTrack,success,0.1,0.9354143467796976
UAV2UAV-2,RLSM-IMMTrack,success,0.15000000000000002,0.9338697510686447
UAV2UAV-2,RLSM-IMMTrack,success,0.2,0.9317863429002479
UAV2UAV-2,RLSM-IMMTrack,success,0.25,0.9283738640037358
UAV2UAV-2,RLSM-IMMTrack,success,0.30000000000000004,0.9230575810912748
UAV2UAV-2,RLSM-IMMTrack,success,0.35000000000000003,0.9131793527066345
UAV2UAV-2,RLSM-IMMTrack,success,0.4,0.8976256331046374
UAV2UAV-2,RLSM-IMMTrack,success,0.45,0.8762168181328353
UAV2UAV-2,RLSM-IMMTrack,success,0.5,0.8495635619095514
UAV2UAV-2,RLSM-IMMTrack,success,0.55,0.8138941772333776
UAV2UAV-2,RLSM-IMMTrack,success,0.6000000000000001,0.7673407809188548
UAV2UAV-2,RLSM-IMMTrack,success,0.65,0.7135313768454327
UAV2UAV-2,RLSM-IMMTrack,success,0.7000000000000001,0.6533280649448615
UAV2UAV-2,RLSM-IMMTrack,success,0.75,0.5844319120658069
UAV2UAV-2,RLSM-IMMTrack,success,0.8,0.49060670282696933
UAV2UAV-2,RLSM-IMMTrack,success,0.8500000000000001,0.36107618808146846
UAV2UAV-2,RLSM-IMMTrack,success,0.9,0.20471281296023564
UAV2UAV-2,RLSM-IMMTrack,success,0.9500000000000001,0.05014547936348288
UAV2UAV-2,RLSM-IMMTrack,success,1.0,0.0011853874061568304
UAV2UAV-2,RLSM-IMMTrack,center_precision,0.0,0.001760120693990445
UAV2UAV-2,RLSM-IMMTrack,center_precision,1.0,0.07205718596213945
UAV2UAV-2,RLSM-IMMTrack,center_precision,2.0,0.21222026653256224
UAV2UAV-2,RLSM-IMMTrack,center_precision,3.0,0.33424332770573656
UAV2UAV-2,RLSM-IMMTrack,center_precision,4.0,0.4304752325873774
UAV2UAV-2,RLSM-IMMTrack,center_precision,5.0,0.5098961887998851
UAV2UAV-2,RLSM-IMMTrack,center_precision,6.0,0.5766370918495636
UAV2UAV-2,RLSM-IMMTrack,center_precision,7.0,0.633751212328029
UAV2UAV-2,RLSM-IMMTrack,center_precision,8.0,0.6836093250475951
UAV2UAV-2,RLSM-IMMTrack,center_precision,9.0,0.7241998635008441
UAV2UAV-2,RLSM-IMMTrack,center_precision,10.0,0.7568518984158914
UAV2UAV-2,RLSM-IMMTrack,center_precision,11.0,0.7824275297244873
UAV2UAV-2,RLSM-IMMTrack,center_precision,12.0,0.8038363446962894
UAV2UAV-2,RLSM-IMMTrack,center_precision,13.0,0.8212579474837458
UAV2UAV-2,RLSM-IMMTrack,center_precision,14.0,0.8371349545601494
UAV2UAV-2,RLSM-IMMTrack,center_precision,15.0,0.8488092244692698
UAV2UAV-2,RLSM-IMMTrack,center_precision,16.0,0.860842702683286
UAV2UAV-2,RLSM-IMMTrack,center_precision,17.0,0.8710082977118431
UAV2UAV-2,RLSM-IMMTrack,center_precision,18.0,0.8772226013865441
UAV2UAV-2,RLSM-IMMTrack,center_precision,19.0,0.8831495384173282
UAV2UAV-2,RLSM-IMMTrack,center_precision,20.0,0.8878910880419555
UAV2UAV-2,RLSM-IMMTrack,center_precision,21.0,0.8922015877007077
UAV2UAV-2,RLSM-IMMTrack,center_precision,22.0,0.8960810373935846
UAV2UAV-2,RLSM-IMMTrack,center_precision,23.0,0.8997090412730342
UAV2UAV-2,RLSM-IMMTrack,center_precision,24.0,0.9018283702719206
UAV2UAV-2,RLSM-IMMTrack,center_precision,25.0,0.9043069075757032
UAV2UAV-2,RLSM-IMMTrack,center_precision,26.0,0.9070368906929128
UAV2UAV-2,RLSM-IMMTrack,center_precision,27.0,0.9090843780308201
UAV2UAV-2,RLSM-IMMTrack,center_precision,28.0,0.9105930529113833
UAV2UAV-2,RLSM-IMMTrack,center_precision,29.0,0.912065806961457
UAV2UAV-2,RLSM-IMMTrack,center_precision,30.0,0.9134667193505513
UAV2UAV-2,RLSM-IMMTrack,center_precision,31.0,0.915119077553073
UAV2UAV-2,RLSM-IMMTrack,center_precision,32.0,0.9161967024677611
UAV2UAV-2,RLSM-IMMTrack,center_precision,33.0,0.9174180107044075
UAV2UAV-2,RLSM-IMMTrack,center_precision,34.0,0.9183519522971371
UAV2UAV-2,RLSM-IMMTrack,center_precision,35.0,0.9192858938898667
UAV2UAV-2,RLSM-IMMTrack,center_precision,36.0,0.9202916771435755
UAV2UAV-2,RLSM-IMMTrack,center_precision,37.0,0.9211896979058156
UAV2UAV-2,RLSM-IMMTrack,center_precision,38.0,0.92169258953267
UAV2UAV-2,RLSM-IMMTrack,center_precision,39.0,0.9225187686339308
UAV2UAV-2,RLSM-IMMTrack,center_precision,40.0,0.9230216602607852
UAV2UAV-2,RLSM-IMMTrack,center_precision,41.0,0.9235963935486189
UAV2UAV-2,RLSM-IMMTrack,center_precision,42.0,0.9242429684974317
UAV2UAV-2,RLSM-IMMTrack,center_precision,43.0,0.9247458601242861
UAV2UAV-2,RLSM-IMMTrack,center_precision,44.0,0.9253565142426093
UAV2UAV-2,RLSM-IMMTrack,center_precision,45.0,0.9260390100219117
UAV2UAV-2,RLSM-IMMTrack,center_precision,46.0,0.9267574266317037
UAV2UAV-2,RLSM-IMMTrack,center_precision,47.0,0.927368080750027
UAV2UAV-2,RLSM-IMMTrack,center_precision,48.0,0.927727289054923
UAV2UAV-2,RLSM-IMMTrack,center_precision,49.0,0.9280505765293293
UAV2UAV-2,RLSM-IMMTrack,center_precision,50.0,0.9285893889866734
UAV2UAV-2,RLSM-IMMTrack,normalized_precision,0.0,0.001760120693990445
UAV2UAV-2,RLSM-IMMTrack,normalized_precision,0.01,0.0744279607744531
UAV2UAV-2,RLSM-IMMTrack,normalized_precision,0.02,0.21724918280110636
UAV2UAV-2,RLSM-IMMTrack,normalized_precision,0.03,0.3551492510506843
UAV2UAV-2,RLSM-IMMTrack,normalized_precision,0.04,0.46585725061963434
UAV2UAV-2,RLSM-IMMTrack,normalized_precision,0.05,0.5509536980494989
UAV2UAV-2,RLSM-IMMTrack,normalized_precision,0.06,0.6247350838751392
UAV2UAV-2,RLSM-IMMTrack,normalized_precision,0.07,0.6790833004059054
UAV2UAV-2,RLSM-IMMTrack,normalized_precision,0.08,0.7226552677897913
UAV2UAV-2,RLSM-IMMTrack,normalized_precision,0.09,0.754732569417005
UAV2UAV-2,RLSM-IMMTrack,normalized_precision,0.1,0.7823916088939976
UAV2UAV-2,RLSM-IMMTrack,normalized_precision,0.11,0.8037645030353102
UAV2UAV-2,RLSM-IMMTrack,normalized_precision,0.12,0.8216171557886418
UAV2UAV-2,RLSM-IMMTrack,normalized_precision,0.13,0.8361291713064406
UAV2UAV-2,RLSM-IMMTrack,normalized_precision,0.14,0.8488810661302489
UAV2UAV-2,RLSM-IMMTrack,normalized_precision,0.15,0.8587592945148892
UAV2UAV-2,RLSM-IMMTrack,normalized_precision,0.16,0.8673443730019038
UAV2UAV-2,RLSM-IMMTrack,normalized_precision,0.17,0.8743130141168863
UAV2UAV-2,RLSM-IMMTrack,normalized_precision,0.18,0.8802399511476705
UAV2UAV-2,RLSM-IMMTrack,normalized_precision,0.19,0.8856280757211107
UAV2UAV-2,RLSM-IMMTrack,normalized_precision,0.2,0.8904773878372068
UAV2UAV-2,RLSM-IMMTrack,normalized_precision,0.21,0.8948956499874277
UAV2UAV-2,RLSM-IMMTrack,normalized_precision,0.22,0.8981644455619814
UAV2UAV-2,RLSM-IMMTrack,normalized_precision,0.23,0.9011458744926183
UAV2UAV-2,RLSM-IMMTrack,normalized_precision,0.24,0.9033370451524839
UAV2UAV-2,RLSM-IMMTrack,normalized_precision,0.25,0.9063543949136104
UAV2UAV-2,RLSM-IMMTrack,normalized_precision,0.26,0.9087610905564136
UAV2UAV-2,RLSM-IMMTrack,normalized_precision,0.27,0.9109522612162794
UAV2UAV-2,RLSM-IMMTrack,normalized_precision,0.28,0.9126405402492905
UAV2UAV-2,RLSM-IMMTrack,normalized_precision,0.29,0.9137181651639786
UAV2UAV-2,RLSM-IMMTrack,normalized_precision,0.3,0.9151909192140523
UAV2UAV-2,RLSM-IMMTrack,normalized_precision,0.31,0.9160889399762923
UAV2UAV-2,RLSM-IMMTrack,normalized_precision,0.32,0.9173102482129387
UAV2UAV-2,RLSM-IMMTrack,normalized_precision,0.33,0.9181364273141995
UAV2UAV-2,RLSM-IMMTrack,normalized_precision,0.34,0.9191062897374187
UAV2UAV-2,RLSM-IMMTrack,normalized_precision,0.35000000000000003,0.9197887855167212
UAV2UAV-2,RLSM-IMMTrack,normalized_precision,0.36,0.9205431229570028
UAV2UAV-2,RLSM-IMMTrack,normalized_precision,0.37,0.9212256187363052
UAV2UAV-2,RLSM-IMMTrack,normalized_precision,0.38,0.9220877186680556
UAV2UAV-2,RLSM-IMMTrack,normalized_precision,0.39,0.9225187686339308
UAV2UAV-2,RLSM-IMMTrack,normalized_precision,0.4,0.9228420561083372
UAV2UAV-2,RLSM-IMMTrack,normalized_precision,0.41000000000000003,0.9233808685656812
UAV2UAV-2,RLSM-IMMTrack,normalized_precision,0.42,0.9240633643449837
UAV2UAV-2,RLSM-IMMTrack,normalized_precision,0.43,0.9245662559718381
UAV2UAV-2,RLSM-IMMTrack,normalized_precision,0.44,0.9253205934121197
UAV2UAV-2,RLSM-IMMTrack,normalized_precision,0.45,0.9258594058694637
UAV2UAV-2,RLSM-IMMTrack,normalized_precision,0.46,0.9263622974963182
UAV2UAV-2,RLSM-IMMTrack,normalized_precision,0.47000000000000003,0.9269011099536622
UAV2UAV-2,RLSM-IMMTrack,normalized_precision,0.48,0.9274040015805165
UAV2UAV-2,RLSM-IMMTrack,normalized_precision,0.49,0.9278350515463918
UAV2UAV-2,RLSM-IMMTrack,normalized_precision,0.5,0.928266101512267
A2A-UAV-Tracking,SUTrack-B224,success,0.0,1.0
A2A-UAV-Tracking,SUTrack-B224,success,0.05,0.9833776785969731
A2A-UAV-Tracking,SUTrack-B224,success,0.1,0.983148799816897
A2A-UAV-Tracking,SUTrack-B224,success,0.15000000000000002,0.9829485308843304
A2A-UAV-Tracking,SUTrack-B224,success,0.2,0.9827768717992733
A2A-UAV-Tracking,SUTrack-B224,success,0.25,0.9824335536291592
A2A-UAV-Tracking,SUTrack-B224,success,0.30000000000000004,0.9822332846965925
A2A-UAV-Tracking,SUTrack-B224,success,0.35000000000000003,0.9818041369839499
A2A-UAV-Tracking,SUTrack-B224,success,0.4,0.9807455726260979
A2A-UAV-Tracking,SUTrack-B224,success,0.45,0.9785712242153749
A2A-UAV-Tracking,SUTrack-B224,success,0.5,0.9745658455640431
A2A-UAV-Tracking,SUTrack-B224,success,0.55,0.9665836981088891
A2A-UAV-Tracking,SUTrack-B224,success,0.6000000000000001,0.9515921380139044
A2A-UAV-Tracking,SUTrack-B224,success,0.65,0.9245558321174148
A2A-UAV-Tracking,SUTrack-B224,success,0.7000000000000001,0.880096129087632
A2A-UAV-Tracking,SUTrack-B224,success,0.75,0.8067690899207507
A2A-UAV-Tracking,SUTrack-B224,success,0.8,0.6927016279003233
A2A-UAV-Tracking,SUTrack-B224,success,0.8500000000000001,0.5267645123451492
A2A-UAV-Tracking,SUTrack-B224,success,0.9,0.3049523646038967
A2A-UAV-Tracking,SUTrack-B224,success,0.9500000000000001,0.063828569793723
A2A-UAV-Tracking,SUTrack-B224,success,1.0,0.0006580264927187939
A2A-UAV-Tracking,SUTrack-B224,center_precision,0.0,0.0006580264927187939
A2A-UAV-Tracking,SUTrack-B224,center_precision,1.0,0.24667410522701913
A2A-UAV-Tracking,SUTrack-B224,center_precision,2.0,0.5748576660086402
A2A-UAV-Tracking,SUTrack-B224,center_precision,3.0,0.7492919062741396
A2A-UAV-Tracking,SUTrack-B224,center_precision,4.0,0.8410722970846566
A2A-UAV-Tracking,SUTrack-B224,center_precision,5.0,0.8939719051297457
A2A-UAV-Tracking,SUTrack-B224,center_precision,6.0,0.9247561010499814
A2A-UAV-Tracking,SUTrack-B224,center_precision,7.0,0.9442107973564501
A2A-UAV-Tracking,SUTrack-B224,center_precision,8.0,0.9574571567533545
A2A-UAV-Tracking,SUTrack-B224,center_precision,9.0,0.9649529368008468
A2A-UAV-Tracking,SUTrack-B224,center_precision,10.0,0.9702743684376163
A2A-UAV-Tracking,SUTrack-B224,center_precision,11.0,0.9740794781563814
A2A-UAV-Tracking,SUTrack-B224,center_precision,12.0,0.9767974136697851
A2A-UAV-Tracking,SUTrack-B224,center_precision,13.0,0.9787142734529225
A2A-UAV-Tracking,SUTrack-B224,center_precision,14.0,0.9800017165908506
A2A-UAV-Tracking,SUTrack-B224,center_precision,15.0,0.9807741824736074
A2A-UAV-Tracking,SUTrack-B224,center_precision,16.0,0.9811461104912311
A2A-UAV-Tracking,SUTrack-B224,center_precision,17.0,0.9816610877464023
A2A-UAV-Tracking,SUTrack-B224,center_precision,18.0,0.982204674849083
A2A-UAV-Tracking,SUTrack-B224,center_precision,19.0,0.9824335536291592
A2A-UAV-Tracking,SUTrack-B224,center_precision,20.0,0.9825479930191972
A2A-UAV-Tracking,SUTrack-B224,center_precision,21.0,0.9828054816467828
A2A-UAV-Tracking,SUTrack-B224,center_precision,22.0,0.9828340914942924
A2A-UAV-Tracking,SUTrack-B224,center_precision,23.0,0.9828913111893114
A2A-UAV-Tracking,SUTrack-B224,center_precision,24.0,0.9829199210368209
A2A-UAV-Tracking,SUTrack-B224,center_precision,25.0,0.9830057505793494
A2A-UAV-Tracking,SUTrack-B224,center_precision,26.0,0.9830343604268589
A2A-UAV-Tracking,SUTrack-B224,center_precision,27.0,0.9830915801218779
A2A-UAV-Tracking,SUTrack-B224,center_precision,28.0,0.9831201899693874
A2A-UAV-Tracking,SUTrack-B224,center_precision,29.0,0.9831774096644065
A2A-UAV-Tracking,SUTrack-B224,center_precision,30.0,0.9832346293594255
A2A-UAV-Tracking,SUTrack-B224,center_precision,31.0,0.9832346293594255
A2A-UAV-Tracking,SUTrack-B224,center_precision,32.0,0.9833204589019541
A2A-UAV-Tracking,SUTrack-B224,center_precision,33.0,0.9833490687494636
A2A-UAV-Tracking,SUTrack-B224,center_precision,34.0,0.9834062884444826
A2A-UAV-Tracking,SUTrack-B224,center_precision,35.0,0.9834348982919922
A2A-UAV-Tracking,SUTrack-B224,center_precision,36.0,0.9834348982919922
A2A-UAV-Tracking,SUTrack-B224,center_precision,37.0,0.9834921179870111
A2A-UAV-Tracking,SUTrack-B224,center_precision,38.0,0.9835207278345206
A2A-UAV-Tracking,SUTrack-B224,center_precision,39.0,0.9835207278345206
A2A-UAV-Tracking,SUTrack-B224,center_precision,40.0,0.9835207278345206
A2A-UAV-Tracking,SUTrack-B224,center_precision,41.0,0.9835207278345206
A2A-UAV-Tracking,SUTrack-B224,center_precision,42.0,0.9835207278345206
A2A-UAV-Tracking,SUTrack-B224,center_precision,43.0,0.9836065573770492
A2A-UAV-Tracking,SUTrack-B224,center_precision,44.0,0.9836065573770492
A2A-UAV-Tracking,SUTrack-B224,center_precision,45.0,0.9836351672245587
A2A-UAV-Tracking,SUTrack-B224,center_precision,46.0,0.9836637770720682
A2A-UAV-Tracking,SUTrack-B224,center_precision,47.0,0.9836923869195777
A2A-UAV-Tracking,SUTrack-B224,center_precision,48.0,0.9837209967670872
A2A-UAV-Tracking,SUTrack-B224,center_precision,49.0,0.9837209967670872
A2A-UAV-Tracking,SUTrack-B224,center_precision,50.0,0.9837209967670872
A2A-UAV-Tracking,SUTrack-B224,normalized_precision,0.0,0.0006580264927187939
A2A-UAV-Tracking,SUTrack-B224,normalized_precision,0.01,0.0864589591737476
A2A-UAV-Tracking,SUTrack-B224,normalized_precision,0.02,0.26441221068291704
A2A-UAV-Tracking,SUTrack-B224,normalized_precision,0.03,0.4329528223614568
A2A-UAV-Tracking,SUTrack-B224,normalized_precision,0.04,0.5712814350699511
A2A-UAV-Tracking,SUTrack-B224,normalized_precision,0.05,0.6749921322919349
A2A-UAV-Tracking,SUTrack-B224,normalized_precision,0.06,0.7548708265384946
A2A-UAV-Tracking,SUTrack-B224,normalized_precision,0.07,0.8121763511000486
A2A-UAV-Tracking,SUTrack-B224,normalized_precision,0.08,0.8568935427574171
A2A-UAV-Tracking,SUTrack-B224,normalized_precision,0.09,0.8875346894401053
A2A-UAV-Tracking,SUTrack-B224,normalized_precision,0.1,0.9113094727205104
A2A-UAV-Tracking,SUTrack-B224,normalized_precision,0.11,0.927302377478328
A2A-UAV-Tracking,SUTrack-B224,normalized_precision,0.12,0.939461562669871
A2A-UAV-Tracking,SUTrack-B224,normalized_precision,0.13,0.948387835092839
A2A-UAV-Tracking,SUTrack-B224,normalized_precision,0.14,0.9555689068177267
A2A-UAV-Tracking,SUTrack-B224,normalized_precision,0.15,0.9613480960146482
A2A-UAV-Tracking,SUTrack-B224,normalized_precision,0.16,0.9650673761908849
A2A-UAV-Tracking,SUTrack-B224,normalized_precision,0.17,0.9684147283494979
A2A-UAV-Tracking,SUTrack-B224,normalized_precision,0.18,0.9710182244728636
A2A-UAV-Tracking,SUTrack-B224,normalized_precision,0.19,0.9727062054759248
A2A-UAV-Tracking,SUTrack-B224,normalized_precision,0.2,0.9743083569364576
A2A-UAV-Tracking,SUTrack-B224,normalized_precision,0.21,0.9758246788544617
A2A-UAV-Tracking,SUTrack-B224,normalized_precision,0.22,0.9768832432123137
A2A-UAV-Tracking,SUTrack-B224,normalized_precision,0.23,0.9780276371126941
A2A-UAV-Tracking,SUTrack-B224,normalized_precision,0.24,0.9789431522329985
A2A-UAV-Tracking,SUTrack-B224,normalized_precision,0.25,0.9794867393356793
A2A-UAV-Tracking,SUTrack-B224,normalized_precision,0.26,0.9798872772008125
A2A-UAV-Tracking,SUTrack-B224,normalized_precision,0.27,0.9801733756759077
A2A-UAV-Tracking,SUTrack-B224,normalized_precision,0.28,0.9804880839985123
A2A-UAV-Tracking,SUTrack-B224,normalized_precision,0.29,0.9807169627785884
A2A-UAV-Tracking,SUTrack-B224,normalized_precision,0.3,0.980917231711155
A2A-UAV-Tracking,SUTrack-B224,normalized_precision,0.31,0.9812033301862501
A2A-UAV-Tracking,SUTrack-B224,normalized_precision,0.32,0.9814608188138357
A2A-UAV-Tracking,SUTrack-B224,normalized_precision,0.33,0.9816324778988929
A2A-UAV-Tracking,SUTrack-B224,normalized_precision,0.34,0.9818327468314594
A2A-UAV-Tracking,SUTrack-B224,normalized_precision,0.35000000000000003,0.9819471862214975
A2A-UAV-Tracking,SUTrack-B224,normalized_precision,0.36,0.982033015764026
A2A-UAV-Tracking,SUTrack-B224,normalized_precision,0.37,0.9821188453065545
A2A-UAV-Tracking,SUTrack-B224,normalized_precision,0.38,0.9821188453065545
A2A-UAV-Tracking,SUTrack-B224,normalized_precision,0.39,0.982147455154064
A2A-UAV-Tracking,SUTrack-B224,normalized_precision,0.4,0.982147455154064
A2A-UAV-Tracking,SUTrack-B224,normalized_precision,0.41000000000000003,0.982147455154064
A2A-UAV-Tracking,SUTrack-B224,normalized_precision,0.42,0.9822332846965925
A2A-UAV-Tracking,SUTrack-B224,normalized_precision,0.43,0.9822905043916116
A2A-UAV-Tracking,SUTrack-B224,normalized_precision,0.44,0.9823477240866306
A2A-UAV-Tracking,SUTrack-B224,normalized_precision,0.45,0.9823477240866306
A2A-UAV-Tracking,SUTrack-B224,normalized_precision,0.46,0.9823763339341401
A2A-UAV-Tracking,SUTrack-B224,normalized_precision,0.47000000000000003,0.9823763339341401
A2A-UAV-Tracking,SUTrack-B224,normalized_precision,0.48,0.9823763339341401
A2A-UAV-Tracking,SUTrack-B224,normalized_precision,0.49,0.9823763339341401
A2A-UAV-Tracking,SUTrack-B224,normalized_precision,0.5,0.9823763339341401
A2A-UAV-Tracking,ARTrackV2-B-256,success,0.0,1.0
A2A-UAV-Tracking,ARTrackV2-B-256,success,0.05,0.9262152032729666
A2A-UAV-Tracking,ARTrackV2-B-256,success,0.1,0.9252996881526622
A2A-UAV-Tracking,ARTrackV2-B-256,success,0.15000000000000002,0.9234400480645438
A2A-UAV-Tracking,ARTrackV2-B-256,success,0.2,0.9212943095013304
A2A-UAV-Tracking,ARTrackV2-B-256,success,0.25,0.9199782565158928
A2A-UAV-Tracking,ARTrackV2-B-256,success,0.30000000000000004,0.9187766429204932
A2A-UAV-Tracking,ARTrackV2-B-256,success,0.35000000000000003,0.9176322490201128
A2A-UAV-Tracking,ARTrackV2-B-256,success,0.4,0.9152290218293136
A2A-UAV-Tracking,ARTrackV2-B-256,success,0.45,0.9112808628730009
A2A-UAV-Tracking,ARTrackV2-B-256,success,0.5,0.9046147684032844
A2A-UAV-Tracking,ARTrackV2-B-256,success,0.55,0.8950876891826166
A2A-UAV-Tracking,ARTrackV2-B-256,success,0.6000000000000001,0.8802963980201985
A2A-UAV-Tracking,ARTrackV2-B-256,success,0.65,0.857780448030212
A2A-UAV-Tracking,ARTrackV2-B-256,success,0.7000000000000001,0.8227047749835493
A2A-UAV-Tracking,ARTrackV2-B-256,success,0.75,0.7689468715131749
A2A-UAV-Tracking,ARTrackV2-B-256,success,0.8,0.680857151031385
A2A-UAV-Tracking,ARTrackV2-B-256,success,0.8500000000000001,0.5466483563642606
A2A-UAV-Tracking,ARTrackV2-B-256,success,0.9,0.34746659800303265
A2A-UAV-Tracking,ARTrackV2-B-256,success,0.9500000000000001,0.08611564100363345
A2A-UAV-Tracking,ARTrackV2-B-256,success,1.0,0.0006580264927187939
A2A-UAV-Tracking,ARTrackV2-B-256,center_precision,0.0,0.0006580264927187939
A2A-UAV-Tracking,ARTrackV2-B-256,center_precision,1.0,0.21534632220410266
A2A-UAV-Tracking,ARTrackV2-B-256,center_precision,2.0,0.5177524103796527
A2A-UAV-Tracking,ARTrackV2-B-256,center_precision,3.0,0.6770806511601293
A2A-UAV-Tracking,ARTrackV2-B-256,center_precision,4.0,0.7557005121162704
A2A-UAV-Tracking,ARTrackV2-B-256,center_precision,5.0,0.8038222756272709
A2A-UAV-Tracking,ARTrackV2-B-256,center_precision,6.0,0.8351214488026779
A2A-UAV-Tracking,ARTrackV2-B-256,center_precision,7.0,0.8571796412325122
A2A-UAV-Tracking,ARTrackV2-B-256,center_precision,8.0,0.8737161330930107
A2A-UAV-Tracking,ARTrackV2-B-256,center_precision,9.0,0.8861900266071582
A2A-UAV-Tracking,ARTrackV2-B-256,center_precision,10.0,0.8952307384201642
A2A-UAV-Tracking,ARTrackV2-B-256,center_precision,11.0,0.9016393442622951
A2A-UAV-Tracking,ARTrackV2-B-256,center_precision,12.0,0.9068749463565359
A2A-UAV-Tracking,ARTrackV2-B-256,center_precision,13.0,0.9107372757703202
A2A-UAV-Tracking,ARTrackV2-B-256,center_precision,14.0,0.9133407718936858
A2A-UAV-Tracking,ARTrackV2-B-256,center_precision,15.0,0.9154579006093897
A2A-UAV-Tracking,ARTrackV2-B-256,center_precision,16.0,0.917088661917432
A2A-UAV-Tracking,ARTrackV2-B-256,center_precision,17.0,0.9182330558178124
A2A-UAV-Tracking,ARTrackV2-B-256,center_precision,18.0,0.9191771807856264
A2A-UAV-Tracking,ARTrackV2-B-256,center_precision,19.0,0.9196921580407976
A2A-UAV-Tracking,ARTrackV2-B-256,center_precision,20.0,0.9202071352959689
A2A-UAV-Tracking,ARTrackV2-B-256,center_precision,21.0,0.9208651617886877
A2A-UAV-Tracking,ARTrackV2-B-256,center_precision,22.0,0.9213801390438588
A2A-UAV-Tracking,ARTrackV2-B-256,center_precision,23.0,0.9218665064515206
A2A-UAV-Tracking,ARTrackV2-B-256,center_precision,24.0,0.9223242640116728
A2A-UAV-Tracking,ARTrackV2-B-256,center_precision,25.0,0.922610362486768
A2A-UAV-Tracking,ARTrackV2-B-256,center_precision,26.0,0.9230681200469202
A2A-UAV-Tracking,ARTrackV2-B-256,center_precision,27.0,0.9234972677595629
A2A-UAV-Tracking,ARTrackV2-B-256,center_precision,28.0,0.923897805624696
A2A-UAV-Tracking,ARTrackV2-B-256,center_precision,29.0,0.9242983434898292
A2A-UAV-Tracking,ARTrackV2-B-256,center_precision,30.0,0.9246416616599433
A2A-UAV-Tracking,ARTrackV2-B-256,center_precision,31.0,0.925128029067605
A2A-UAV-Tracking,ARTrackV2-B-256,center_precision,32.0,0.9256143964752668
A2A-UAV-Tracking,ARTrackV2-B-256,center_precision,33.0,0.9259863244928904
A2A-UAV-Tracking,ARTrackV2-B-256,center_precision,34.0,0.9264726919005521
A2A-UAV-Tracking,ARTrackV2-B-256,center_precision,35.0,0.9268446199181758
A2A-UAV-Tracking,ARTrackV2-B-256,center_precision,36.0,0.9270448888507424
A2A-UAV-Tracking,ARTrackV2-B-256,center_precision,37.0,0.927302377478328
A2A-UAV-Tracking,ARTrackV2-B-256,center_precision,38.0,0.9274454267158756
A2A-UAV-Tracking,ARTrackV2-B-256,center_precision,39.0,0.9275598661059137
A2A-UAV-Tracking,ARTrackV2-B-256,center_precision,40.0,0.9276456956484422
A2A-UAV-Tracking,ARTrackV2-B-256,center_precision,41.0,0.9277315251909707
A2A-UAV-Tracking,ARTrackV2-B-256,center_precision,42.0,0.9279031842760278
A2A-UAV-Tracking,ARTrackV2-B-256,center_precision,43.0,0.9279604039710468
A2A-UAV-Tracking,ARTrackV2-B-256,center_precision,44.0,0.9280176236660659
A2A-UAV-Tracking,ARTrackV2-B-256,center_precision,45.0,0.928132063056104
A2A-UAV-Tracking,ARTrackV2-B-256,center_precision,46.0,0.9281892827511229
A2A-UAV-Tracking,ARTrackV2-B-256,center_precision,47.0,0.928303722141161
A2A-UAV-Tracking,ARTrackV2-B-256,center_precision,48.0,0.9283895516836895
A2A-UAV-Tracking,ARTrackV2-B-256,center_precision,49.0,0.9283895516836895
A2A-UAV-Tracking,ARTrackV2-B-256,center_precision,50.0,0.928418161531199
A2A-UAV-Tracking,ARTrackV2-B-256,normalized_precision,0.0,0.0006580264927187939
A2A-UAV-Tracking,ARTrackV2-B-256,normalized_precision,0.01,0.06972219838068264
A2A-UAV-Tracking,ARTrackV2-B-256,normalized_precision,0.02,0.2196664091780391
A2A-UAV-Tracking,ARTrackV2-B-256,normalized_precision,0.03,0.3698108889079621
A2A-UAV-Tracking,ARTrackV2-B-256,normalized_precision,0.04,0.49412067633679513
A2A-UAV-Tracking,ARTrackV2-B-256,normalized_precision,0.05,0.5909364003089863
A2A-UAV-Tracking,ARTrackV2-B-256,normalized_precision,0.06,0.6665522272766287
A2A-UAV-Tracking,ARTrackV2-B-256,normalized_precision,0.07,0.7238863616856922
A2A-UAV-Tracking,ARTrackV2-B-256,normalized_precision,0.08,0.7661144966097331
A2A-UAV-Tracking,ARTrackV2-B-256,normalized_precision,0.09,0.7989013818556348
A2A-UAV-Tracking,ARTrackV2-B-256,normalized_precision,0.1,0.824364146139101
A2A-UAV-Tracking,ARTrackV2-B-256,normalized_precision,0.11,0.8435327439704746
A2A-UAV-Tracking,ARTrackV2-B-256,normalized_precision,0.12,0.8596686979658399
A2A-UAV-Tracking,ARTrackV2-B-256,normalized_precision,0.13,0.8711984665121735
A2A-UAV-Tracking,ARTrackV2-B-256,normalized_precision,0.14,0.8795811518324608
A2A-UAV-Tracking,ARTrackV2-B-256,normalized_precision,0.15,0.8871055417274626
A2A-UAV-Tracking,ARTrackV2-B-256,normalized_precision,0.16,0.8929991703144222
A2A-UAV-Tracking,ARTrackV2-B-256,normalized_precision,0.17,0.8978628443910394
A2A-UAV-Tracking,ARTrackV2-B-256,normalized_precision,0.18,0.9017251738048236
A2A-UAV-Tracking,ARTrackV2-B-256,normalized_precision,0.19,0.9049580865733986
A2A-UAV-Tracking,ARTrackV2-B-256,normalized_precision,0.2,0.9076474122392928
A2A-UAV-Tracking,ARTrackV2-B-256,normalized_precision,0.21,0.9100220295825823
A2A-UAV-Tracking,ARTrackV2-B-256,normalized_precision,0.22,0.9117672302806626
A2A-UAV-Tracking,ARTrackV2-B-256,normalized_precision,0.23,0.9132263325036477
A2A-UAV-Tracking,ARTrackV2-B-256,normalized_precision,0.24,0.9140560180814237
A2A-UAV-Tracking,ARTrackV2-B-256,normalized_precision,0.25,0.9151145824392756
A2A-UAV-Tracking,ARTrackV2-B-256,normalized_precision,0.26,0.9157726089319944
A2A-UAV-Tracking,ARTrackV2-B-256,normalized_precision,0.27,0.9164020255772036
A2A-UAV-Tracking,ARTrackV2-B-256,normalized_precision,0.28,0.917031442222413
A2A-UAV-Tracking,ARTrackV2-B-256,normalized_precision,0.29,0.9176322490201128
A2A-UAV-Tracking,ARTrackV2-B-256,normalized_precision,0.3,0.9181186164277745
A2A-UAV-Tracking,ARTrackV2-B-256,normalized_precision,0.31,0.9185763739879267
A2A-UAV-Tracking,ARTrackV2-B-256,normalized_precision,0.32,0.9187766429204932
A2A-UAV-Tracking,ARTrackV2-B-256,normalized_precision,0.33,0.9190627413955884
A2A-UAV-Tracking,ARTrackV2-B-256,normalized_precision,0.34,0.919320230023174
A2A-UAV-Tracking,ARTrackV2-B-256,normalized_precision,0.35000000000000003,0.9198065974308357
A2A-UAV-Tracking,ARTrackV2-B-256,normalized_precision,0.36,0.9202357451434784
A2A-UAV-Tracking,ARTrackV2-B-256,normalized_precision,0.37,0.9206362830086116
A2A-UAV-Tracking,ARTrackV2-B-256,normalized_precision,0.38,0.9209796011787257
A2A-UAV-Tracking,ARTrackV2-B-256,normalized_precision,0.39,0.9212084799588018
A2A-UAV-Tracking,ARTrackV2-B-256,normalized_precision,0.4,0.921609017823935
A2A-UAV-Tracking,ARTrackV2-B-256,normalized_precision,0.41000000000000003,0.921837896604011
A2A-UAV-Tracking,ARTrackV2-B-256,normalized_precision,0.42,0.9222384344691443
A2A-UAV-Tracking,ARTrackV2-B-256,normalized_precision,0.43,0.9224100935542013
A2A-UAV-Tracking,ARTrackV2-B-256,normalized_precision,0.44,0.922667582181787
A2A-UAV-Tracking,ARTrackV2-B-256,normalized_precision,0.45,0.9228678511143535
A2A-UAV-Tracking,ARTrackV2-B-256,normalized_precision,0.46,0.9231539495894487
A2A-UAV-Tracking,ARTrackV2-B-256,normalized_precision,0.47000000000000003,0.9234400480645438
A2A-UAV-Tracking,ARTrackV2-B-256,normalized_precision,0.48,0.9235830973020914
A2A-UAV-Tracking,ARTrackV2-B-256,normalized_precision,0.49,0.9237261465396389
A2A-UAV-Tracking,ARTrackV2-B-256,normalized_precision,0.5,0.923897805624696
A2A-UAV-Tracking,MCITrack-B224,success,0.0,1.0
A2A-UAV-Tracking,MCITrack-B224,success,0.05,0.9200640860584213
A2A-UAV-Tracking,MCITrack-B224,success,0.1,0.919320230023174
A2A-UAV-Tracking,MCITrack-B224,success,0.15000000000000002,0.9190341315480789
A2A-UAV-Tracking,MCITrack-B224,success,0.2,0.9186908133779647
A2A-UAV-Tracking,MCITrack-B224,success,0.25,0.9182902755128315
A2A-UAV-Tracking,MCITrack-B224,success,0.30000000000000004,0.9174891997825652
A2A-UAV-Tracking,MCITrack-B224,success,0.35000000000000003,0.9166309043572798
A2A-UAV-Tracking,MCITrack-B224,success,0.4,0.9151145824392756
A2A-UAV-Tracking,MCITrack-B224,success,0.45,0.9126541355534575
A2A-UAV-Tracking,MCITrack-B224,success,0.5,0.9077046319343118
A2A-UAV-Tracking,MCITrack-B224,success,0.55,0.8994363860040626
A2A-UAV-Tracking,MCITrack-B224,success,0.6000000000000001,0.8851314622493062
A2A-UAV-Tracking,MCITrack-B224,success,0.65,0.8630160501244528
A2A-UAV-Tracking,MCITrack-B224,success,0.7000000000000001,0.8233914113237777
A2A-UAV-Tracking,MCITrack-B224,success,0.75,0.7584184476296741
A2A-UAV-Tracking,MCITrack-B224,success,0.8,0.6575687351586416
A2A-UAV-Tracking,MCITrack-B224,success,0.8500000000000001,0.5009870397390782
A2A-UAV-Tracking,MCITrack-B224,success,0.9,0.2858123766200326
A2A-UAV-Tracking,MCITrack-B224,success,0.9500000000000001,0.05610391096615455
A2A-UAV-Tracking,MCITrack-B224,success,1.0,0.0006580264927187939
A2A-UAV-Tracking,MCITrack-B224,center_precision,0.0,0.0006580264927187939
A2A-UAV-Tracking,MCITrack-B224,center_precision,1.0,0.2494778702829514
A2A-UAV-Tracking,MCITrack-B224,center_precision,2.0,0.5690498669642091
A2A-UAV-Tracking,MCITrack-B224,center_precision,3.0,0.724544388178411
A2A-UAV-Tracking,MCITrack-B224,center_precision,4.0,0.799645237890882
A2A-UAV-Tracking,MCITrack-B224,center_precision,5.0,0.8406717592195233
A2A-UAV-Tracking,MCITrack-B224,center_precision,6.0,0.8667925499957085
A2A-UAV-Tracking,MCITrack-B224,center_precision,7.0,0.8839298486539067
A2A-UAV-Tracking,MCITrack-B224,center_precision,8.0,0.8948588104025406
A2A-UAV-Tracking,MCITrack-B224,center_precision,9.0,0.90252624953509
A2A-UAV-Tracking,MCITrack-B224,center_precision,10.0,0.9075043630017452
A2A-UAV-Tracking,MCITrack-B224,center_precision,11.0,0.9106800560753011
A2A-UAV-Tracking,MCITrack-B224,center_precision,12.0,0.9125396961634195
A2A-UAV-Tracking,MCITrack-B224,center_precision,13.0,0.9139701885388951
A2A-UAV-Tracking,MCITrack-B224,center_precision,14.0,0.9151431922867851
A2A-UAV-Tracking,MCITrack-B224,center_precision,15.0,0.91603009755958
A2A-UAV-Tracking,MCITrack-B224,center_precision,16.0,0.9168025634423369
A2A-UAV-Tracking,MCITrack-B224,center_precision,17.0,0.9172603210024891
A2A-UAV-Tracking,MCITrack-B224,center_precision,18.0,0.9175750293250937
A2A-UAV-Tracking,MCITrack-B224,center_precision,19.0,0.9180613967327554
A2A-UAV-Tracking,MCITrack-B224,center_precision,20.0,0.918261665665322
A2A-UAV-Tracking,MCITrack-B224,center_precision,21.0,0.9184619345978886
A2A-UAV-Tracking,MCITrack-B224,center_precision,22.0,0.9185477641404172
A2A-UAV-Tracking,MCITrack-B224,center_precision,23.0,0.9186622035304551
A2A-UAV-Tracking,MCITrack-B224,center_precision,24.0,0.9188624724630218
A2A-UAV-Tracking,MCITrack-B224,center_precision,25.0,0.9189769118530599
A2A-UAV-Tracking,MCITrack-B224,center_precision,26.0,0.9191771807856264
A2A-UAV-Tracking,MCITrack-B224,center_precision,27.0,0.9192916201756645
A2A-UAV-Tracking,MCITrack-B224,center_precision,28.0,0.9194346694132121
A2A-UAV-Tracking,MCITrack-B224,center_precision,29.0,0.9195777186507595
A2A-UAV-Tracking,MCITrack-B224,center_precision,30.0,0.9197207678883071
A2A-UAV-Tracking,MCITrack-B224,center_precision,31.0,0.9199210368208738
A2A-UAV-Tracking,MCITrack-B224,center_precision,32.0,0.9199496466683833
A2A-UAV-Tracking,MCITrack-B224,center_precision,33.0,0.9200068663634022
A2A-UAV-Tracking,MCITrack-B224,center_precision,34.0,0.9201499156009498
A2A-UAV-Tracking,MCITrack-B224,center_precision,35.0,0.9202643549909879
A2A-UAV-Tracking,MCITrack-B224,center_precision,36.0,0.9203501845335165
A2A-UAV-Tracking,MCITrack-B224,center_precision,37.0,0.9204646239235544
A2A-UAV-Tracking,MCITrack-B224,center_precision,38.0,0.920493233771064
A2A-UAV-Tracking,MCITrack-B224,center_precision,39.0,0.920550453466083
A2A-UAV-Tracking,MCITrack-B224,center_precision,40.0,0.920607673161102
A2A-UAV-Tracking,MCITrack-B224,center_precision,41.0,0.9206648928561211
A2A-UAV-Tracking,MCITrack-B224,center_precision,42.0,0.9207507223986496
A2A-UAV-Tracking,MCITrack-B224,center_precision,43.0,0.9207793322461592
A2A-UAV-Tracking,MCITrack-B224,center_precision,44.0,0.9208365519411782
A2A-UAV-Tracking,MCITrack-B224,center_precision,45.0,0.9209509913312162
A2A-UAV-Tracking,MCITrack-B224,center_precision,46.0,0.9210082110262352
A2A-UAV-Tracking,MCITrack-B224,center_precision,47.0,0.9210368208737447
A2A-UAV-Tracking,MCITrack-B224,center_precision,48.0,0.9211798701112923
A2A-UAV-Tracking,MCITrack-B224,center_precision,49.0,0.9212943095013304
A2A-UAV-Tracking,MCITrack-B224,center_precision,50.0,0.9214373587388779
A2A-UAV-Tracking,MCITrack-B224,normalized_precision,0.0,0.0006580264927187939
A2A-UAV-Tracking,MCITrack-B224,normalized_precision,0.01,0.09492747403656339
A2A-UAV-Tracking,MCITrack-B224,normalized_precision,0.02,0.26870368780934395
A2A-UAV-Tracking,MCITrack-B224,normalized_precision,0.03,0.4240265499384888
A2A-UAV-Tracking,MCITrack-B224,normalized_precision,0.04,0.5439304208508569
A2A-UAV-Tracking,MCITrack-B224,normalized_precision,0.05,0.6379709896146254
A2A-UAV-Tracking,MCITrack-B224,normalized_precision,0.06,0.7059479872972277
A2A-UAV-Tracking,MCITrack-B224,normalized_precision,0.07,0.759305352902469
A2A-UAV-Tracking,MCITrack-B224,normalized_precision,0.08,0.7989872113981632
A2A-UAV-Tracking,MCITrack-B224,normalized_precision,0.09,0.8281978657053758
A2A-UAV-Tracking,MCITrack-B224,normalized_precision,0.1,0.8503704975252482
A2A-UAV-Tracking,MCITrack-B224,normalized_precision,0.11,0.8648184705175521
A2A-UAV-Tracking,MCITrack-B224,normalized_precision,0.12,0.8759477011987526
A2A-UAV-Tracking,MCITrack-B224,normalized_precision,0.13,0.8840442880439447
A2A-UAV-Tracking,MCITrack-B224,normalized_precision,0.14,0.8918833862615513
A2A-UAV-Tracking,MCITrack-B224,normalized_precision,0.15,0.8971475982033016
A2A-UAV-Tracking,MCITrack-B224,normalized_precision,0.16,0.9005521700569336
A2A-UAV-Tracking,MCITrack-B224,normalized_precision,0.17,0.9042142305381512
A2A-UAV-Tracking,MCITrack-B224,normalized_precision,0.18,0.9066746774239693
A2A-UAV-Tracking,MCITrack-B224,normalized_precision,0.19,0.9083626584270306
A2A-UAV-Tracking,MCITrack-B224,normalized_precision,0.2,0.9099075901925443
A2A-UAV-Tracking,MCITrack-B224,normalized_precision,0.21,0.9111950333304724
A2A-UAV-Tracking,MCITrack-B224,normalized_precision,0.22,0.9122249878408148
A2A-UAV-Tracking,MCITrack-B224,normalized_precision,0.23,0.9130260635710812
A2A-UAV-Tracking,MCITrack-B224,normalized_precision,0.24,0.913741309758819
A2A-UAV-Tracking,MCITrack-B224,normalized_precision,0.25,0.9147712642691614
A2A-UAV-Tracking,MCITrack-B224,normalized_precision,0.26,0.9151145824392756
A2A-UAV-Tracking,MCITrack-B224,normalized_precision,0.27,0.9155151203044087
A2A-UAV-Tracking,MCITrack-B224,normalized_precision,0.28,0.9158870483220325
A2A-UAV-Tracking,MCITrack-B224,normalized_precision,0.29,0.9163161960346752
A2A-UAV-Tracking,MCITrack-B224,normalized_precision,0.3,0.9166309043572798
A2A-UAV-Tracking,MCITrack-B224,normalized_precision,0.31,0.9168025634423369
A2A-UAV-Tracking,MCITrack-B224,normalized_precision,0.32,0.9168311732898463
A2A-UAV-Tracking,MCITrack-B224,normalized_precision,0.33,0.9169742225273939
A2A-UAV-Tracking,MCITrack-B224,normalized_precision,0.34,0.9171172717649415
A2A-UAV-Tracking,MCITrack-B224,normalized_precision,0.35000000000000003,0.9173461505450176
A2A-UAV-Tracking,MCITrack-B224,normalized_precision,0.36,0.9174605899350556
A2A-UAV-Tracking,MCITrack-B224,normalized_precision,0.37,0.9176036391726032
A2A-UAV-Tracking,MCITrack-B224,normalized_precision,0.38,0.9176894687151318
A2A-UAV-Tracking,MCITrack-B224,normalized_precision,0.39,0.9177752982576602
A2A-UAV-Tracking,MCITrack-B224,normalized_precision,0.4,0.9179183474952078
A2A-UAV-Tracking,MCITrack-B224,normalized_precision,0.41000000000000003,0.9179755671902269
A2A-UAV-Tracking,MCITrack-B224,normalized_precision,0.42,0.9180327868852459
A2A-UAV-Tracking,MCITrack-B224,normalized_precision,0.43,0.9180613967327554
A2A-UAV-Tracking,MCITrack-B224,normalized_precision,0.44,0.918147226275284
A2A-UAV-Tracking,MCITrack-B224,normalized_precision,0.45,0.9182330558178124
A2A-UAV-Tracking,MCITrack-B224,normalized_precision,0.46,0.918261665665322
A2A-UAV-Tracking,MCITrack-B224,normalized_precision,0.47000000000000003,0.9182902755128315
A2A-UAV-Tracking,MCITrack-B224,normalized_precision,0.48,0.91837610505536
A2A-UAV-Tracking,MCITrack-B224,normalized_precision,0.49,0.9184047149028696
A2A-UAV-Tracking,MCITrack-B224,normalized_precision,0.5,0.9184333247503791
A2A-UAV-Tracking,UETrack-B,success,0.0,1.0
A2A-UAV-Tracking,UETrack-B,success,0.05,0.8886218636454668
A2A-UAV-Tracking,UETrack-B,success,0.1,0.887963837152748
A2A-UAV-Tracking,UETrack-B,success,0.15000000000000002,0.8874488598975767
A2A-UAV-Tracking,UETrack-B,success,0.2,0.886848053099877
A2A-UAV-Tracking,UETrack-B,success,0.25,0.8859611478270821
A2A-UAV-Tracking,UETrack-B,success,0.30000000000000004,0.8851600720968157
A2A-UAV-Tracking,UETrack-B,success,0.35000000000000003,0.8839298486539067
A2A-UAV-Tracking,UETrack-B,success,0.4,0.882499356278431
A2A-UAV-Tracking,UETrack-B,success,0.45,0.8796383715274798
A2A-UAV-Tracking,UETrack-B,success,0.5,0.8748891368409006
A2A-UAV-Tracking,UETrack-B,success,0.55,0.8686807999313364
A2A-UAV-Tracking,UETrack-B,success,0.6000000000000001,0.857952107115269
A2A-UAV-Tracking,UETrack-B,success,0.65,0.8392984865390668
A2A-UAV-Tracking,UETrack-B,success,0.7000000000000001,0.8032500786770806
A2A-UAV-Tracking,UETrack-B,success,0.75,0.7444568420450319
A2A-UAV-Tracking,UETrack-B,success,0.8,0.6445226446943038
A2A-UAV-Tracking,UETrack-B,success,0.8500000000000001,0.47738391554373016
A2A-UAV-Tracking,UETrack-B,success,0.9,0.24916316196034674
A2A-UAV-Tracking,UETrack-B,success,0.9500000000000001,0.044173604554687725
A2A-UAV-Tracking,UETrack-B,success,1.0,0.0006580264927187939
A2A-UAV-Tracking,UETrack-B,center_precision,0.0,0.0006580264927187939
A2A-UAV-Tracking,UETrack-B,center_precision,1.0,0.20235745143478384
A2A-UAV-Tracking,UETrack-B,center_precision,2.0,0.4824192487054044
A2A-UAV-Tracking,UETrack-B,center_precision,3.0,0.6381712585471919
A2A-UAV-Tracking,UETrack-B,center_precision,4.0,0.7212256458673075
A2A-UAV-Tracking,UETrack-B,center_precision,5.0,0.7744113523874918
A2A-UAV-Tracking,UETrack-B,center_precision,6.0,0.8069121391582983
A2A-UAV-Tracking,UETrack-B,center_precision,7.0,0.8279689869252997
A2A-UAV-Tracking,UETrack-B,center_precision,8.0,0.8441907704631935
A2A-UAV-Tracking,UETrack-B,center_precision,9.0,0.8543472663290704
A2A-UAV-Tracking,UETrack-B,center_precision,10.0,0.8619574857666009
A2A-UAV-Tracking,UETrack-B,center_precision,11.0,0.8672789174033703
A2A-UAV-Tracking,UETrack-B,center_precision,12.0,0.8711126369696449
A2A-UAV-Tracking,UETrack-B,center_precision,13.0,0.874459989128258
A2A-UAV-Tracking,UETrack-B,center_precision,14.0,0.8765485079964523
A2A-UAV-Tracking,UETrack-B,center_precision,15.0,0.8784653677795897
A2A-UAV-Tracking,UETrack-B,center_precision,16.0,0.880038909392613
A2A-UAV-Tracking,UETrack-B,center_precision,17.0,0.8810688639029554
A2A-UAV-Tracking,UETrack-B,center_precision,18.0,0.8822990873458645
A2A-UAV-Tracking,UETrack-B,center_precision,19.0,0.8831001630761308
A2A-UAV-Tracking,UETrack-B,center_precision,20.0,0.8838440191113781
A2A-UAV-Tracking,UETrack-B,center_precision,21.0,0.884502045604097
A2A-UAV-Tracking,UETrack-B,center_precision,22.0,0.8848739736217206
A2A-UAV-Tracking,UETrack-B,center_precision,23.0,0.8852172917918347
A2A-UAV-Tracking,UETrack-B,center_precision,24.0,0.8855892198094584
A2A-UAV-Tracking,UETrack-B,center_precision,25.0,0.8860469773696106
A2A-UAV-Tracking,UETrack-B,center_precision,26.0,0.8864475152347437
A2A-UAV-Tracking,UETrack-B,center_precision,27.0,0.886790833404858
A2A-UAV-Tracking,UETrack-B,center_precision,28.0,0.8871055417274626
A2A-UAV-Tracking,UETrack-B,center_precision,29.0,0.8873058106600292
A2A-UAV-Tracking,UETrack-B,center_precision,30.0,0.8876777386776529
A2A-UAV-Tracking,UETrack-B,center_precision,31.0,0.8881354962378051
A2A-UAV-Tracking,UETrack-B,center_precision,32.0,0.8883929848653906
A2A-UAV-Tracking,UETrack-B,center_precision,33.0,0.8887076931879954
A2A-UAV-Tracking,UETrack-B,center_precision,34.0,0.8890224015106
A2A-UAV-Tracking,UETrack-B,center_precision,35.0,0.8894229393757331
A2A-UAV-Tracking,UETrack-B,center_precision,36.0,0.8895373787657712
A2A-UAV-Tracking,UETrack-B,center_precision,37.0,0.8896232083082997
A2A-UAV-Tracking,UETrack-B,center_precision,38.0,0.8899093067833949
A2A-UAV-Tracking,UETrack-B,center_precision,39.0,0.8899951363259234
A2A-UAV-Tracking,UETrack-B,center_precision,40.0,0.8901667954109804
A2A-UAV-Tracking,UETrack-B,center_precision,41.0,0.8903384544960375
A2A-UAV-Tracking,UETrack-B,center_precision,42.0,0.8904242840385661
A2A-UAV-Tracking,UETrack-B,center_precision,43.0,0.8907676022086802
A2A-UAV-Tracking,UETrack-B,center_precision,44.0,0.8908820415987183
A2A-UAV-Tracking,UETrack-B,center_precision,45.0,0.8910250908362658
A2A-UAV-Tracking,UETrack-B,center_precision,46.0,0.8911967499213229
A2A-UAV-Tracking,UETrack-B,center_precision,47.0,0.89136840900638
A2A-UAV-Tracking,UETrack-B,center_precision,48.0,0.89136840900638
A2A-UAV-Tracking,UETrack-B,center_precision,49.0,0.8914542385489085
A2A-UAV-Tracking,UETrack-B,center_precision,50.0,0.8915686779389466
A2A-UAV-Tracking,UETrack-B,normalized_precision,0.0,0.0006580264927187939
A2A-UAV-Tracking,UETrack-B,normalized_precision,0.01,0.06331359253855177
A2A-UAV-Tracking,UETrack-B,normalized_precision,0.02,0.19800875461333792
A2A-UAV-Tracking,UETrack-B,normalized_precision,0.03,0.34263153377392497
A2A-UAV-Tracking,UETrack-B,normalized_precision,0.04,0.46902984007095244
A2A-UAV-Tracking,UETrack-B,normalized_precision,0.05,0.5708808972048179
A2A-UAV-Tracking,UETrack-B,normalized_precision,0.06,0.6482991445655595
A2A-UAV-Tracking,UETrack-B,normalized_precision,0.07,0.7068348925700226
A2A-UAV-Tracking,UETrack-B,normalized_precision,0.08,0.7501788115469344
A2A-UAV-Tracking,UETrack-B,normalized_precision,0.09,0.7833948445054788
A2A-UAV-Tracking,UETrack-B,normalized_precision,0.1,0.8056819157153893
A2A-UAV-Tracking,UETrack-B,normalized_precision,0.11,0.823191142391211
A2A-UAV-Tracking,UETrack-B,normalized_precision,0.12,0.8359511343804538
A2A-UAV-Tracking,UETrack-B,normalized_precision,0.13,0.8453065545160644
A2A-UAV-Tracking,UETrack-B,normalized_precision,0.14,0.8524876262409521
A2A-UAV-Tracking,UETrack-B,normalized_precision,0.15,0.8582095957428547
A2A-UAV-Tracking,UETrack-B,normalized_precision,0.16,0.8629588304294338
A2A-UAV-Tracking,UETrack-B,normalized_precision,0.17,0.8667925499957085
A2A-UAV-Tracking,UETrack-B,normalized_precision,0.18,0.8696821445941693
A2A-UAV-Tracking,UETrack-B,normalized_precision,0.19,0.8720281520899493
A2A-UAV-Tracking,UETrack-B,normalized_precision,0.2,0.8740308414156153
A2A-UAV-Tracking,UETrack-B,normalized_precision,0.21,0.8755757731811289
A2A-UAV-Tracking,UETrack-B,normalized_precision,0.22,0.8765771178439619
A2A-UAV-Tracking,UETrack-B,normalized_precision,0.23,0.877979000371928
A2A-UAV-Tracking,UETrack-B,normalized_precision,0.24,0.878980345034761
A2A-UAV-Tracking,UETrack-B,normalized_precision,0.25,0.8796383715274798
A2A-UAV-Tracking,UETrack-B,normalized_precision,0.26,0.8805538866477841
A2A-UAV-Tracking,UETrack-B,normalized_precision,0.27,0.8810688639029554
A2A-UAV-Tracking,UETrack-B,normalized_precision,0.28,0.8815552313106171
A2A-UAV-Tracking,UETrack-B,normalized_precision,0.29,0.8819271593282407
A2A-UAV-Tracking,UETrack-B,normalized_precision,0.3,0.8824135267359025
A2A-UAV-Tracking,UETrack-B,normalized_precision,0.31,0.8828140646010357
A2A-UAV-Tracking,UETrack-B,normalized_precision,0.32,0.8829285039910737
A2A-UAV-Tracking,UETrack-B,normalized_precision,0.33,0.8831573827711499
A2A-UAV-Tracking,UETrack-B,normalized_precision,0.34,0.883557920636283
A2A-UAV-Tracking,UETrack-B,normalized_precision,0.35000000000000003,0.8837867994163591
A2A-UAV-Tracking,UETrack-B,normalized_precision,0.36,0.8840156781964352
A2A-UAV-Tracking,UETrack-B,normalized_precision,0.37,0.8842159471290018
A2A-UAV-Tracking,UETrack-B,normalized_precision,0.38,0.8844162160615684
A2A-UAV-Tracking,UETrack-B,normalized_precision,0.39,0.884559265299116
A2A-UAV-Tracking,UETrack-B,normalized_precision,0.4,0.8847023145366635
A2A-UAV-Tracking,UETrack-B,normalized_precision,0.41000000000000003,0.8848453637742111
A2A-UAV-Tracking,UETrack-B,normalized_precision,0.42,0.8849311933167396
A2A-UAV-Tracking,UETrack-B,normalized_precision,0.43,0.8850170228592682
A2A-UAV-Tracking,UETrack-B,normalized_precision,0.44,0.8850456327067777
A2A-UAV-Tracking,UETrack-B,normalized_precision,0.45,0.8853317311818728
A2A-UAV-Tracking,UETrack-B,normalized_precision,0.46,0.8854461705719109
A2A-UAV-Tracking,UETrack-B,normalized_precision,0.47000000000000003,0.8854461705719109
A2A-UAV-Tracking,UETrack-B,normalized_precision,0.48,0.8854747804194204
A2A-UAV-Tracking,UETrack-B,normalized_precision,0.49,0.8855320001144394
A2A-UAV-Tracking,UETrack-B,normalized_precision,0.5,0.8855892198094584
A2A-UAV-Tracking,RLSM-IMMTrack,success,0.0,1.0
A2A-UAV-Tracking,RLSM-IMMTrack,success,0.05,0.9833776785969731
A2A-UAV-Tracking,RLSM-IMMTrack,success,0.1,0.9831201899693874
A2A-UAV-Tracking,RLSM-IMMTrack,success,0.15000000000000002,0.9829199210368209
A2A-UAV-Tracking,RLSM-IMMTrack,success,0.2,0.9827482619517638
A2A-UAV-Tracking,RLSM-IMMTrack,success,0.25,0.9824335536291592
A2A-UAV-Tracking,RLSM-IMMTrack,success,0.30000000000000004,0.9822332846965925
A2A-UAV-Tracking,RLSM-IMMTrack,success,0.35000000000000003,0.9818041369839499
A2A-UAV-Tracking,RLSM-IMMTrack,success,0.4,0.9808027923211169
A2A-UAV-Tracking,RLSM-IMMTrack,success,0.45,0.9785998340628844
A2A-UAV-Tracking,RLSM-IMMTrack,success,0.5,0.9746516751065717
A2A-UAV-Tracking,RLSM-IMMTrack,success,0.55,0.9666695276514177
A2A-UAV-Tracking,RLSM-IMMTrack,success,0.6000000000000001,0.9518210167939805
A2A-UAV-Tracking,RLSM-IMMTrack,success,0.65,0.9247561010499814
A2A-UAV-Tracking,RLSM-IMMTrack,success,0.7000000000000001,0.8804394472577461
A2A-UAV-Tracking,RLSM-IMMTrack,success,0.75,0.8069121391582983
A2A-UAV-Tracking,RLSM-IMMTrack,success,0.8,0.6928732869853804
A2A-UAV-Tracking,RLSM-IMMTrack,success,0.8500000000000001,0.5269075615826968
A2A-UAV-Tracking,RLSM-IMMTrack,success,0.9,0.30498097445140615
A2A-UAV-Tracking,RLSM-IMMTrack,success,0.9500000000000001,0.063828569793723
A2A-UAV-Tracking,RLSM-IMMTrack,success,1.0,0.0006580264927187939
A2A-UAV-Tracking,RLSM-IMMTrack,center_precision,0.0,0.0006580264927187939
A2A-UAV-Tracking,RLSM-IMMTrack,center_precision,1.0,0.2467599347695477
A2A-UAV-Tracking,RLSM-IMMTrack,center_precision,2.0,0.5749434955511687
A2A-UAV-Tracking,RLSM-IMMTrack,center_precision,3.0,0.7494921752067062
A2A-UAV-Tracking,RLSM-IMMTrack,center_precision,4.0,0.8413297857122422
A2A-UAV-Tracking,RLSM-IMMTrack,center_precision,5.0,0.8942293937573312
A2A-UAV-Tracking,RLSM-IMMTrack,center_precision,6.0,0.925013589677567
A2A-UAV-Tracking,RLSM-IMMTrack,center_precision,7.0,0.9443824564415072
A2A-UAV-Tracking,RLSM-IMMTrack,center_precision,8.0,0.9576002059909021
A2A-UAV-Tracking,RLSM-IMMTrack,center_precision,9.0,0.9650673761908849
A2A-UAV-Tracking,RLSM-IMMTrack,center_precision,10.0,0.9703029782851258
A2A-UAV-Tracking,RLSM-IMMTrack,center_precision,11.0,0.9740794781563814
A2A-UAV-Tracking,RLSM-IMMTrack,center_precision,12.0,0.9767974136697851
A2A-UAV-Tracking,RLSM-IMMTrack,center_precision,13.0,0.978685663605413
A2A-UAV-Tracking,RLSM-IMMTrack,center_precision,14.0,0.979973106743341
A2A-UAV-Tracking,RLSM-IMMTrack,center_precision,15.0,0.9807455726260979
A2A-UAV-Tracking,RLSM-IMMTrack,center_precision,16.0,0.9811175006437216
A2A-UAV-Tracking,RLSM-IMMTrack,center_precision,17.0,0.9816324778988929
A2A-UAV-Tracking,RLSM-IMMTrack,center_precision,18.0,0.9821760650015735
A2A-UAV-Tracking,RLSM-IMMTrack,center_precision,19.0,0.9824049437816497
A2A-UAV-Tracking,RLSM-IMMTrack,center_precision,20.0,0.9825193831716877
A2A-UAV-Tracking,RLSM-IMMTrack,center_precision,21.0,0.9827768717992733
A2A-UAV-Tracking,RLSM-IMMTrack,center_precision,22.0,0.9828054816467828
A2A-UAV-Tracking,RLSM-IMMTrack,center_precision,23.0,0.9828627013418019
A2A-UAV-Tracking,RLSM-IMMTrack,center_precision,24.0,0.9828913111893114
A2A-UAV-Tracking,RLSM-IMMTrack,center_precision,25.0,0.98297714073184
A2A-UAV-Tracking,RLSM-IMMTrack,center_precision,26.0,0.9830343604268589
A2A-UAV-Tracking,RLSM-IMMTrack,center_precision,27.0,0.9830915801218779
A2A-UAV-Tracking,RLSM-IMMTrack,center_precision,28.0,0.9831201899693874
A2A-UAV-Tracking,RLSM-IMMTrack,center_precision,29.0,0.9831774096644065
A2A-UAV-Tracking,RLSM-IMMTrack,center_precision,30.0,0.9832346293594255
A2A-UAV-Tracking,RLSM-IMMTrack,center_precision,31.0,0.9832346293594255
A2A-UAV-Tracking,RLSM-IMMTrack,center_precision,32.0,0.9833204589019541
A2A-UAV-Tracking,RLSM-IMMTrack,center_precision,33.0,0.9833204589019541
A2A-UAV-Tracking,RLSM-IMMTrack,center_precision,34.0,0.9833776785969731
A2A-UAV-Tracking,RLSM-IMMTrack,center_precision,35.0,0.9834062884444826
A2A-UAV-Tracking,RLSM-IMMTrack,center_precision,36.0,0.9834062884444826
A2A-UAV-Tracking,RLSM-IMMTrack,center_precision,37.0,0.9834635081395016
A2A-UAV-Tracking,RLSM-IMMTrack,center_precision,38.0,0.9834921179870111
A2A-UAV-Tracking,RLSM-IMMTrack,center_precision,39.0,0.9834921179870111
A2A-UAV-Tracking,RLSM-IMMTrack,center_precision,40.0,0.9834921179870111
A2A-UAV-Tracking,RLSM-IMMTrack,center_precision,41.0,0.9834921179870111
A2A-UAV-Tracking,RLSM-IMMTrack,center_precision,42.0,0.9834921179870111
A2A-UAV-Tracking,RLSM-IMMTrack,center_precision,43.0,0.9835779475295396
A2A-UAV-Tracking,RLSM-IMMTrack,center_precision,44.0,0.9835779475295396
A2A-UAV-Tracking,RLSM-IMMTrack,center_precision,45.0,0.9836065573770492
A2A-UAV-Tracking,RLSM-IMMTrack,center_precision,46.0,0.9836351672245587
A2A-UAV-Tracking,RLSM-IMMTrack,center_precision,47.0,0.9836637770720682
A2A-UAV-Tracking,RLSM-IMMTrack,center_precision,48.0,0.9836923869195777
A2A-UAV-Tracking,RLSM-IMMTrack,center_precision,49.0,0.9836923869195777
A2A-UAV-Tracking,RLSM-IMMTrack,center_precision,50.0,0.9837209967670872
A2A-UAV-Tracking,RLSM-IMMTrack,normalized_precision,0.0,0.0006580264927187939
A2A-UAV-Tracking,RLSM-IMMTrack,normalized_precision,0.01,0.0864303493262381
A2A-UAV-Tracking,RLSM-IMMTrack,normalized_precision,0.02,0.2644694303779361
A2A-UAV-Tracking,RLSM-IMMTrack,normalized_precision,0.03,0.43306726175149485
A2A-UAV-Tracking,RLSM-IMMTrack,normalized_precision,0.04,0.5714244843074986
A2A-UAV-Tracking,RLSM-IMMTrack,normalized_precision,0.05,0.6751351815294825
A2A-UAV-Tracking,RLSM-IMMTrack,normalized_precision,0.06,0.7550138757760421
A2A-UAV-Tracking,RLSM-IMMTrack,normalized_precision,0.07,0.8124052298801248
A2A-UAV-Tracking,RLSM-IMMTrack,normalized_precision,0.08,0.8570365919949646
A2A-UAV-Tracking,RLSM-IMMTrack,normalized_precision,0.09,0.8877063485251624
A2A-UAV-Tracking,RLSM-IMMTrack,normalized_precision,0.1,0.9115383515005865
A2A-UAV-Tracking,RLSM-IMMTrack,normalized_precision,0.11,0.9275312562584042
A2A-UAV-Tracking,RLSM-IMMTrack,normalized_precision,0.12,0.9396618316024375
A2A-UAV-Tracking,RLSM-IMMTrack,normalized_precision,0.13,0.948559494177896
A2A-UAV-Tracking,RLSM-IMMTrack,normalized_precision,0.14,0.9557405659027838
A2A-UAV-Tracking,RLSM-IMMTrack,normalized_precision,0.15,0.9614339255571768
A2A-UAV-Tracking,RLSM-IMMTrack,normalized_precision,0.16,0.965181815580923
A2A-UAV-Tracking,RLSM-IMMTrack,normalized_precision,0.17,0.9685863874345549
A2A-UAV-Tracking,RLSM-IMMTrack,normalized_precision,0.18,0.9711326638629016
A2A-UAV-Tracking,RLSM-IMMTrack,normalized_precision,0.19,0.9728492547134724
A2A-UAV-Tracking,RLSM-IMMTrack,normalized_precision,0.2,0.974394186478986
A2A-UAV-Tracking,RLSM-IMMTrack,normalized_precision,0.21,0.9758818985494807
A2A-UAV-Tracking,RLSM-IMMTrack,normalized_precision,0.22,0.9769690727548422
A2A-UAV-Tracking,RLSM-IMMTrack,normalized_precision,0.23,0.9780848568077132
A2A-UAV-Tracking,RLSM-IMMTrack,normalized_precision,0.24,0.9789431522329985
A2A-UAV-Tracking,RLSM-IMMTrack,normalized_precision,0.25,0.9795153491831888
A2A-UAV-Tracking,RLSM-IMMTrack,normalized_precision,0.26,0.979915887048322
A2A-UAV-Tracking,RLSM-IMMTrack,normalized_precision,0.27,0.9802019855234172
A2A-UAV-Tracking,RLSM-IMMTrack,normalized_precision,0.28,0.9805166938460218
A2A-UAV-Tracking,RLSM-IMMTrack,normalized_precision,0.29,0.9807169627785884
A2A-UAV-Tracking,RLSM-IMMTrack,normalized_precision,0.3,0.980917231711155
A2A-UAV-Tracking,RLSM-IMMTrack,normalized_precision,0.31,0.9812033301862501
A2A-UAV-Tracking,RLSM-IMMTrack,normalized_precision,0.32,0.9814035991188167
A2A-UAV-Tracking,RLSM-IMMTrack,normalized_precision,0.33,0.9816038680513833
A2A-UAV-Tracking,RLSM-IMMTrack,normalized_precision,0.34,0.9818041369839499
A2A-UAV-Tracking,RLSM-IMMTrack,normalized_precision,0.35000000000000003,0.9819185763739879
A2A-UAV-Tracking,RLSM-IMMTrack,normalized_precision,0.36,0.9820044059165165
A2A-UAV-Tracking,RLSM-IMMTrack,normalized_precision,0.37,0.9820902354590451
A2A-UAV-Tracking,RLSM-IMMTrack,normalized_precision,0.38,0.9820902354590451
A2A-UAV-Tracking,RLSM-IMMTrack,normalized_precision,0.39,0.9821188453065545
A2A-UAV-Tracking,RLSM-IMMTrack,normalized_precision,0.4,0.9821188453065545
A2A-UAV-Tracking,RLSM-IMMTrack,normalized_precision,0.41000000000000003,0.9821188453065545
A2A-UAV-Tracking,RLSM-IMMTrack,normalized_precision,0.42,0.982204674849083
A2A-UAV-Tracking,RLSM-IMMTrack,normalized_precision,0.43,0.9822618945441021
A2A-UAV-Tracking,RLSM-IMMTrack,normalized_precision,0.44,0.9823191142391211
A2A-UAV-Tracking,RLSM-IMMTrack,normalized_precision,0.45,0.9823191142391211
A2A-UAV-Tracking,RLSM-IMMTrack,normalized_precision,0.46,0.9823477240866306
A2A-UAV-Tracking,RLSM-IMMTrack,normalized_precision,0.47000000000000003,0.9823477240866306
A2A-UAV-Tracking,RLSM-IMMTrack,normalized_precision,0.48,0.9823477240866306
A2A-UAV-Tracking,RLSM-IMMTrack,normalized_precision,0.49,0.9823477240866306
A2A-UAV-Tracking,RLSM-IMMTrack,normalized_precision,0.5,0.9823477240866306
