dataset,sequence_id,sequence,method,evaluated_frames,success_auc
UAV2UAV-2,S01,test10_jl_hbd_1,SUTrack-B224,389,0.7473374954094748
UAV2UAV-2,S01,test10_jl_hbd_1,ARTrackV2-B-256,389,0.7224874525645735
UAV2UAV-2,S01,test10_jl_hbd_1,MCITrack-B224,389,0.7364426490390501
UAV2UAV-2,S01,test10_jl_hbd_1,UETrack-B,389,0.6900477414616232
UAV2UAV-2,S01,test10_jl_hbd_1,RLSM-IMMTrack,389,0.7578650997674133
UAV2UAV-2,S02,test10_jl_hbd_2,SUTrack-B224,137,0.713590545707334
UAV2UAV-2,S02,test10_jl_hbd_2,ARTrackV2-B-256,137,0.5755995828988529
UAV2UAV-2,S02,test10_jl_hbd_2,MCITrack-B224,137,0.6732707681612791
UAV2UAV-2,S02,test10_jl_hbd_2,UETrack-B,137,0.6955161626694474
UAV2UAV-2,S02,test10_jl_hbd_2,RLSM-IMMTrack,137,0.724365658672228
UAV2UAV-2,S03,test10_jl_hbd_3,SUTrack-B224,742,0.7637658837119753
UAV2UAV-2,S03,test10_jl_hbd_3,ARTrackV2-B-256,742,0.7457964317802593
UAV2UAV-2,S03,test10_jl_hbd_3,MCITrack-B224,742,0.7546528045180336
UAV2UAV-2,S03,test10_jl_hbd_3,UETrack-B,742,0.7374534719548196
UAV2UAV-2,S03,test10_jl_hbd_3,RLSM-IMMTrack,742,0.7718521370812477
UAV2UAV-2,S04,test10_jl_hbd_4,SUTrack-B224,287,0.05276256844201095
UAV2UAV-2,S04,test10_jl_hbd_4,ARTrackV2-B-256,287,0.08943089430894309
UAV2UAV-2,S04,test10_jl_hbd_4,MCITrack-B224,287,0.05209888833582214
UAV2UAV-2,S04,test10_jl_hbd_4,UETrack-B,287,0.1670814667330347
UAV2UAV-2,S04,test10_jl_hbd_4,RLSM-IMMTrack,287,0.05276256844201095
UAV2UAV-2,S05,test10_jl_hbd_5,SUTrack-B224,309,0.7096625057790106
UAV2UAV-2,S05,test10_jl_hbd_5,ARTrackV2-B-256,309,0.7458776390815226
UAV2UAV-2,S05,test10_jl_hbd_5,MCITrack-B224,309,0.713823393435044
UAV2UAV-2,S05,test10_jl_hbd_5,UETrack-B,309,0.7130528586839266
UAV2UAV-2,S05,test10_jl_hbd_5,RLSM-IMMTrack,309,0.7415626444752658
UAV2UAV-2,S06,test10_jl_hbd_6,SUTrack-B224,184,0.812888198757764
UAV2UAV-2,S06,test10_jl_hbd_6,ARTrackV2-B-256,184,0.7877846790890272
UAV2UAV-2,S06,test10_jl_hbd_6,MCITrack-B224,184,0.8157349896480331
UAV2UAV-2,S06,test10_jl_hbd_6,UETrack-B,184,0.797360248447205
UAV2UAV-2,S06,test10_jl_hbd_6,RLSM-IMMTrack,184,0.812888198757764
UAV2UAV-2,S07,test10_jl_hbd_7,SUTrack-B224,138,0.36024844720496885
UAV2UAV-2,S07,test10_jl_hbd_7,ARTrackV2-B-256,138,0.47515527950310554
UAV2UAV-2,S07,test10_jl_hbd_7,MCITrack-B224,138,0.3423050379572118
UAV2UAV-2,S07,test10_jl_hbd_7,UETrack-B,138,0.5037957211870255
UAV2UAV-2,S07,test10_jl_hbd_7,RLSM-IMMTrack,138,0.3954451345755693
UAV2UAV-2,S08,test10_jl_hbd_8,SUTrack-B224,123,0.8552071234998065
UAV2UAV-2,S08,test10_jl_hbd_8,ARTrackV2-B-256,123,0.8284939992257065
UAV2UAV-2,S08,test10_jl_hbd_8,MCITrack-B224,123,0.850561362756485
UAV2UAV-2,S08,test10_jl_hbd_8,UETrack-B,123,0.850561362756485
UAV2UAV-2,S08,test10_jl_hbd_8,RLSM-IMMTrack,123,0.8552071234998065
UAV2UAV-2,S09,test10_jl_hbd_9,SUTrack-B224,341,0.8567239212400501
UAV2UAV-2,S09,test10_jl_hbd_9,ARTrackV2-B-256,341,0.8582600195503421
UAV2UAV-2,S09,test10_jl_hbd_9,MCITrack-B224,341,0.8476469766792347
UAV2UAV-2,S09,test10_jl_hbd_9,UETrack-B,341,0.8607736349671833
UAV2UAV-2,S09,test10_jl_hbd_9,RLSM-IMMTrack,341,0.8567239212400501
UAV2UAV-2,S10,test11_dj_1,SUTrack-B224,260,0.7597069597069598
UAV2UAV-2,S10,test11_dj_1,ARTrackV2-B-256,260,0.741941391941392
UAV2UAV-2,S10,test11_dj_1,MCITrack-B224,260,0.8241758241758242
UAV2UAV-2,S10,test11_dj_1,UETrack-B,260,0.737912087912088
UAV2UAV-2,S10,test11_dj_1,RLSM-IMMTrack,260,0.7597069597069598
UAV2UAV-2,S11,test11_dj_2,SUTrack-B224,625,0.7959619047619048
UAV2UAV-2,S11,test11_dj_2,ARTrackV2-B-256,625,0.7709714285714284
UAV2UAV-2,S11,test11_dj_2,MCITrack-B224,625,0.8152380952380953
UAV2UAV-2,S11,test11_dj_2,UETrack-B,625,0.8133333333333332
UAV2UAV-2,S11,test11_dj_2,RLSM-IMMTrack,625,0.7959619047619048
UAV2UAV-2,S12,test11_dj_3,SUTrack-B224,215,0.7884828349944628
UAV2UAV-2,S12,test11_dj_3,ARTrackV2-B-256,215,0.8086378737541527
UAV2UAV-2,S12,test11_dj_3,MCITrack-B224,215,0.8403100775193797
UAV2UAV-2,S12,test11_dj_3,UETrack-B,215,0.7900332225913621
UAV2UAV-2,S12,test11_dj_3,RLSM-IMMTrack,215,0.7884828349944628
UAV2UAV-2,S13,test11_dj_4,SUTrack-B224,564,0.8343465045592705
UAV2UAV-2,S13,test11_dj_4,ARTrackV2-B-256,564,0.8371327254305977
UAV2UAV-2,S13,test11_dj_4,MCITrack-B224,564,0.874788922661263
UAV2UAV-2,S13,test11_dj_4,UETrack-B,564,0.7262749071259709
UAV2UAV-2,S13,test11_dj_4,RLSM-IMMTrack,564,0.8343465045592705
UAV2UAV-2,S14,test1_DJI_0081_1,SUTrack-B224,217,0.7559798112793505
UAV2UAV-2,S14,test1_DJI_0081_1,ARTrackV2-B-256,217,0.727671713846829
UAV2UAV-2,S14,test1_DJI_0081_1,MCITrack-B224,217,0.7022163704191355
UAV2UAV-2,S14,test1_DJI_0081_1,UETrack-B,217,0.6998025016458195
UAV2UAV-2,S14,test1_DJI_0081_1,RLSM-IMMTrack,217,0.7559798112793505
UAV2UAV-2,S15,test1_DJI_0081_2,SUTrack-B224,729,0.8923509046965837
UAV2UAV-2,S15,test1_DJI_0081_2,ARTrackV2-B-256,729,0.8892154941537657
UAV2UAV-2,S15,test1_DJI_0081_2,MCITrack-B224,729,0.9046965837089294
UAV2UAV-2,S15,test1_DJI_0081_2,UETrack-B,729,0.8978378731465151
UAV2UAV-2,S15,test1_DJI_0081_2,RLSM-IMMTrack,729,0.8928081520674112
UAV2UAV-2,S16,test1_DJI_0081_3,SUTrack-B224,129,0.7515688445921004
UAV2UAV-2,S16,test1_DJI_0081_3,ARTrackV2-B-256,129,0.7515688445921004
UAV2UAV-2,S16,test1_DJI_0081_3,MCITrack-B224,129,0.757844222960502
UAV2UAV-2,S16,test1_DJI_0081_3,UETrack-B,129,0.7416020671834624
UAV2UAV-2,S16,test1_DJI_0081_3,RLSM-IMMTrack,129,0.7711332595053525
UAV2UAV-2,S17,test1_DJI_0081_4,SUTrack-B224,314,0.8290870488322717
UAV2UAV-2,S17,test1_DJI_0081_4,ARTrackV2-B-256,314,0.7957233848953594
UAV2UAV-2,S17,test1_DJI_0081_4,MCITrack-B224,314,0.8099787685774947
UAV2UAV-2,S17,test1_DJI_0081_4,UETrack-B,314,0.8119502578101303
UAV2UAV-2,S17,test1_DJI_0081_4,RLSM-IMMTrack,314,0.8292387018501669
UAV2UAV-2,S18,test3_DJI_0087_1,SUTrack-B224,400,0.9013095238095239
UAV2UAV-2,S18,test3_DJI_0087_1,ARTrackV2-B-256,400,0.47630952380952385
UAV2UAV-2,S18,test3_DJI_0087_1,MCITrack-B224,400,0.9069047619047618
UAV2UAV-2,S18,test3_DJI_0087_1,UETrack-B,400,0.8838095238095239
UAV2UAV-2,S18,test3_DJI_0087_1,RLSM-IMMTrack,400,0.9013095238095239
UAV2UAV-2,S19,test3_DJI_0087_2,SUTrack-B224,319,0.8341543513957306
UAV2UAV-2,S19,test3_DJI_0087_2,ARTrackV2-B-256,319,0.824899238692342
UAV2UAV-2,S19,test3_DJI_0087_2,MCITrack-B224,319,0.8277354829078967
UAV2UAV-2,S19,test3_DJI_0087_2,UETrack-B,319,0.8289296909986564
UAV2UAV-2,S19,test3_DJI_0087_2,RLSM-IMMTrack,319,0.8341543513957306
UAV2UAV-2,S20,test3_DJI_0087_3,SUTrack-B224,165,0.11024531024531023
UAV2UAV-2,S20,test3_DJI_0087_3,ARTrackV2-B-256,165,0.23867243867243862
UAV2UAV-2,S20,test3_DJI_0087_3,MCITrack-B224,165,0.06637806637806638
UAV2UAV-2,S20,test3_DJI_0087_3,UETrack-B,165,0.2634920634920634
UAV2UAV-2,S20,test3_DJI_0087_3,RLSM-IMMTrack,165,0.10505050505050505
UAV2UAV-2,S21,test3_DJI_0087_4,SUTrack-B224,200,0.8526190476190475
UAV2UAV-2,S21,test3_DJI_0087_4,ARTrackV2-B-256,200,0.848095238095238
UAV2UAV-2,S21,test3_DJI_0087_4,MCITrack-B224,200,0.852142857142857
UAV2UAV-2,S21,test3_DJI_0087_4,UETrack-B,200,0.8452380952380952
UAV2UAV-2,S21,test3_DJI_0087_4,RLSM-IMMTrack,200,0.8526190476190475
UAV2UAV-2,S22,test3_DJI_0087_5,SUTrack-B224,302,0.8607694733522547
UAV2UAV-2,S22,test3_DJI_0087_5,ARTrackV2-B-256,302,0.8585619678334909
UAV2UAV-2,S22,test3_DJI_0087_5,MCITrack-B224,302,0.859981078524125
UAV2UAV-2,S22,test3_DJI_0087_5,UETrack-B,302,0.8555660674865971
UAV2UAV-2,S22,test3_DJI_0087_5,RLSM-IMMTrack,302,0.8607694733522547
UAV2UAV-2,S23,test3_DJI_0087_6,SUTrack-B224,516,0.7936507936507935
UAV2UAV-2,S23,test3_DJI_0087_6,ARTrackV2-B-256,516,0.7920819490586931
UAV2UAV-2,S23,test3_DJI_0087_6,MCITrack-B224,516,0.7888519748984864
UAV2UAV-2,S23,test3_DJI_0087_6,UETrack-B,516,0.7690107050572166
UAV2UAV-2,S23,test3_DJI_0087_6,RLSM-IMMTrack,516,0.8049095607235143
UAV2UAV-2,S24,test3_DJI_0087_7,SUTrack-B224,159,0.2458820005989818
UAV2UAV-2,S24,test3_DJI_0087_7,ARTrackV2-B-256,159,0.24947589098532505
UAV2UAV-2,S24,test3_DJI_0087_7,MCITrack-B224,159,0.24378556454028158
UAV2UAV-2,S24,test3_DJI_0087_7,UETrack-B,159,0.2455825097334532
UAV2UAV-2,S24,test3_DJI_0087_7,RLSM-IMMTrack,159,0.2458820005989818
UAV2UAV-2,S25,test3_DJI_0087_8,SUTrack-B224,211,0.8616565109456105
UAV2UAV-2,S25,test3_DJI_0087_8,ARTrackV2-B-256,211,0.8587226359738208
UAV2UAV-2,S25,test3_DJI_0087_8,MCITrack-B224,211,0.8641390205371248
UAV2UAV-2,S25,test3_DJI_0087_8,UETrack-B,211,0.8600767321146469
UAV2UAV-2,S25,test3_DJI_0087_8,RLSM-IMMTrack,211,0.8616565109456105
UAV2UAV-2,S26,test4_DJI_0101_1,SUTrack-B224,986,0.8105863034869122
UAV2UAV-2,S26,test4_DJI_0101_1,ARTrackV2-B-256,986,0.8222254419008983
UAV2UAV-2,S26,test4_DJI_0101_1,MCITrack-B224,986,0.8566116101613058
UAV2UAV-2,S26,test4_DJI_0101_1,UETrack-B,986,0.8212112431179369
UAV2UAV-2,S26,test4_DJI_0101_1,RLSM-IMMTrack,986,0.8105863034869122
UAV2UAV-2,S27,test4_DJI_0101_2,SUTrack-B224,556,0.7696128811236724
UAV2UAV-2,S27,test4_DJI_0101_2,ARTrackV2-B-256,556,0.7477732100034258
UAV2UAV-2,S27,test4_DJI_0101_2,MCITrack-B224,556,0.8138060979787598
UAV2UAV-2,S27,test4_DJI_0101_2,UETrack-B,556,0.7550531003768414
UAV2UAV-2,S27,test4_DJI_0101_2,RLSM-IMMTrack,556,0.7694415895854745
UAV2UAV-2,S28,test4_DJI_0101_3,SUTrack-B224,248,0.5627880184331796
UAV2UAV-2,S28,test4_DJI_0101_3,ARTrackV2-B-256,248,0.6945084485407066
UAV2UAV-2,S28,test4_DJI_0101_3,MCITrack-B224,248,0.331605222734255
UAV2UAV-2,S28,test4_DJI_0101_3,UETrack-B,248,0.5612519201228878
UAV2UAV-2,S28,test4_DJI_0101_3,RLSM-IMMTrack,248,0.5810291858678953
UAV2UAV-2,S29,test4_DJI_0101_4,SUTrack-B224,836,0.7216336295283664
UAV2UAV-2,S29,test4_DJI_0101_4,ARTrackV2-B-256,836,0.3283777625882889
UAV2UAV-2,S29,test4_DJI_0101_4,MCITrack-B224,836,0.7677147413989519
UAV2UAV-2,S29,test4_DJI_0101_4,UETrack-B,836,0.469753930280246
UAV2UAV-2,S29,test4_DJI_0101_4,RLSM-IMMTrack,836,0.7226589200273411
UAV2UAV-2,S30,test5_DJI_0102_1,SUTrack-B224,60,0.6388888888888888
UAV2UAV-2,S30,test5_DJI_0102_1,ARTrackV2-B-256,60,0.5547619047619049
UAV2UAV-2,S30,test5_DJI_0102_1,MCITrack-B224,60,0.6515873015873017
UAV2UAV-2,S30,test5_DJI_0102_1,UETrack-B,60,0.503968253968254
UAV2UAV-2,S30,test5_DJI_0102_1,RLSM-IMMTrack,60,0.6388888888888888
UAV2UAV-2,S31,test5_DJI_0102_2,SUTrack-B224,306,0.813569872393402
UAV2UAV-2,S31,test5_DJI_0102_2,ARTrackV2-B-256,306,0.796451914098973
UAV2UAV-2,S31,test5_DJI_0102_2,MCITrack-B224,306,0.8008092125739185
UAV2UAV-2,S31,test5_DJI_0102_2,UETrack-B,306,0.8018985371926549
UAV2UAV-2,S31,test5_DJI_0102_2,RLSM-IMMTrack,306,0.813569872393402
UAV2UAV-2,S32,test5_DJI_0102_3,SUTrack-B224,217,0.8308097432521396
UAV2UAV-2,S32,test5_DJI_0102_3,ARTrackV2-B-256,217,0.7059468948869869
UAV2UAV-2,S32,test5_DJI_0102_3,MCITrack-B224,217,0.7834101382488479
UAV2UAV-2,S32,test5_DJI_0102_3,UETrack-B,217,0.7182356813693219
UAV2UAV-2,S32,test5_DJI_0102_3,RLSM-IMMTrack,217,0.8308097432521396
UAV2UAV-2,S33,test5_DJI_0102_4,SUTrack-B224,676,0.8038884192730346
UAV2UAV-2,S33,test5_DJI_0102_4,ARTrackV2-B-256,676,0.705409974640744
UAV2UAV-2,S33,test5_DJI_0102_4,MCITrack-B224,676,0.7562693716539869
UAV2UAV-2,S33,test5_DJI_0102_4,UETrack-B,676,0.09101155255001411
UAV2UAV-2,S33,test5_DJI_0102_4,RLSM-IMMTrack,676,0.8052268244575936
UAV2UAV-2,S34,test6_DJI_0103_1,SUTrack-B224,1544,0.7460831482852208
UAV2UAV-2,S34,test6_DJI_0103_1,ARTrackV2-B-256,1544,0.7048174191956574
UAV2UAV-2,S34,test6_DJI_0103_1,MCITrack-B224,1544,0.7607327905255366
UAV2UAV-2,S34,test6_DJI_0103_1,UETrack-B,1544,0.7086725882062671
UAV2UAV-2,S34,test6_DJI_0103_1,RLSM-IMMTrack,1544,0.7491364421416234
UAV2UAV-2,S35,test6_DJI_0103_2,SUTrack-B224,451,0.16175694224474715
UAV2UAV-2,S35,test6_DJI_0103_2,ARTrackV2-B-256,451,0.13124274099883856
UAV2UAV-2,S35,test6_DJI_0103_2,MCITrack-B224,451,0.16017316017316016
UAV2UAV-2,S35,test6_DJI_0103_2,UETrack-B,451,0.1563720832013515
UAV2UAV-2,S35,test6_DJI_0103_2,RLSM-IMMTrack,451,0.16334072431633412
UAV2UAV-2,S36,test6_DJI_0103_3,SUTrack-B224,103,0.05686546463245492
UAV2UAV-2,S36,test6_DJI_0103_3,ARTrackV2-B-256,103,0.05686546463245492
UAV2UAV-2,S36,test6_DJI_0103_3,MCITrack-B224,103,0.05686546463245492
UAV2UAV-2,S36,test6_DJI_0103_3,UETrack-B,103,0.05686546463245492
UAV2UAV-2,S36,test6_DJI_0103_3,RLSM-IMMTrack,103,0.05686546463245492
UAV2UAV-2,S37,test6_DJI_0103_4,SUTrack-B224,1566,0.7325913762695372
UAV2UAV-2,S37,test6_DJI_0103_4,ARTrackV2-B-256,1566,0.7916742686857628
UAV2UAV-2,S37,test6_DJI_0103_4,MCITrack-B224,1566,0.802803624642705
UAV2UAV-2,S37,test6_DJI_0103_4,UETrack-B,1566,0.7125828620081494
UAV2UAV-2,S37,test6_DJI_0103_4,RLSM-IMMTrack,1566,0.7344158608526425
UAV2UAV-2,S38,test6_DJI_0103_5,SUTrack-B224,1051,0.7337229849123285
UAV2UAV-2,S38,test6_DJI_0103_5,ARTrackV2-B-256,1051,0.2576231253681301
UAV2UAV-2,S38,test6_DJI_0103_5,MCITrack-B224,1051,0.7614063703502332
UAV2UAV-2,S38,test6_DJI_0103_5,UETrack-B,1051,0.46300575415703854
UAV2UAV-2,S38,test6_DJI_0103_5,RLSM-IMMTrack,1051,0.7339042182048843
UAV2UAV-2,S39,test7_DJI_0106_1,SUTrack-B224,768,0.8886408730158729
UAV2UAV-2,S39,test7_DJI_0106_1,ARTrackV2-B-256,768,0.8788442460317459
UAV2UAV-2,S39,test7_DJI_0106_1,MCITrack-B224,768,0.8698536706349204
UAV2UAV-2,S39,test7_DJI_0106_1,UETrack-B,768,0.8591889880952381
UAV2UAV-2,S39,test7_DJI_0106_1,RLSM-IMMTrack,768,0.8886408730158729
UAV2UAV-2,S40,test7_DJI_0106_2,SUTrack-B224,243,0.8728199098569469
UAV2UAV-2,S40,test7_DJI_0106_2,ARTrackV2-B-256,243,0.8638056045463453
UAV2UAV-2,S40,test7_DJI_0106_2,MCITrack-B224,243,0.8734077993337253
UAV2UAV-2,S40,test7_DJI_0106_2,UETrack-B,243,0.8491083676268861
UAV2UAV-2,S40,test7_DJI_0106_2,RLSM-IMMTrack,243,0.8728199098569469
UAV2UAV-2,S41,test7_DJI_0106_3,SUTrack-B224,446,0.8821268417680976
UAV2UAV-2,S41,test7_DJI_0106_3,ARTrackV2-B-256,446,0.8727311552423661
UAV2UAV-2,S41,test7_DJI_0106_3,MCITrack-B224,446,0.8792440743113388
UAV2UAV-2,S41,test7_DJI_0106_3,UETrack-B,446,0.8771086910100363
UAV2UAV-2,S41,test7_DJI_0106_3,RLSM-IMMTrack,446,0.8821268417680976
UAV2UAV-2,S42,test8_DJI_0107_1,SUTrack-B224,1683,0.6363353422176952
UAV2UAV-2,S42,test8_DJI_0107_1,ARTrackV2-B-256,1683,0.5736921031038678
UAV2UAV-2,S42,test8_DJI_0107_1,MCITrack-B224,1683,0.6694394929689048
UAV2UAV-2,S42,test8_DJI_0107_1,UETrack-B,1683,0.6281866281866283
UAV2UAV-2,S42,test8_DJI_0107_1,RLSM-IMMTrack,1683,0.6383159324335795
UAV2UAV-2,S43,test8_DJI_0107_2,SUTrack-B224,251,0.7727186492126732
UAV2UAV-2,S43,test8_DJI_0107_2,ARTrackV2-B-256,251,0.7613356099411878
UAV2UAV-2,S43,test8_DJI_0107_2,MCITrack-B224,251,0.817871371656232
UAV2UAV-2,S43,test8_DJI_0107_2,UETrack-B,251,0.7675962815405047
UAV2UAV-2,S43,test8_DJI_0107_2,RLSM-IMMTrack,251,0.7727186492126732
UAV2UAV-2,S44,test8_DJI_0107_3,SUTrack-B224,459,0.8306878306878306
UAV2UAV-2,S44,test8_DJI_0107_3,ARTrackV2-B-256,459,0.829546633468202
UAV2UAV-2,S44,test8_DJI_0107_3,MCITrack-B224,459,0.8590102707749766
UAV2UAV-2,S44,test8_DJI_0107_3,UETrack-B,459,0.8262267870111005
UAV2UAV-2,S44,test8_DJI_0107_3,RLSM-IMMTrack,459,0.8288204170557114
UAV2UAV-2,S45,test9_DJI_0192_1,SUTrack-B224,171,0.7783347257031468
UAV2UAV-2,S45,test9_DJI_0192_1,ARTrackV2-B-256,171,0.7571707045391255
UAV2UAV-2,S45,test9_DJI_0192_1,MCITrack-B224,171,0.797270955165692
UAV2UAV-2,S45,test9_DJI_0192_1,UETrack-B,171,0.7521581732108048
UAV2UAV-2,S45,test9_DJI_0192_1,RLSM-IMMTrack,171,0.7783347257031468
UAV2UAV-2,S46,test9_DJI_0192_2,SUTrack-B224,52,0.7600732600732601
UAV2UAV-2,S46,test9_DJI_0192_2,ARTrackV2-B-256,52,0.6474358974358976
UAV2UAV-2,S46,test9_DJI_0192_2,MCITrack-B224,52,0.7591575091575093
UAV2UAV-2,S46,test9_DJI_0192_2,UETrack-B,52,0.7005494505494505
UAV2UAV-2,S46,test9_DJI_0192_2,RLSM-IMMTrack,52,0.7591575091575092
UAV2UAV-2,S47,test9_DJI_0192_3,SUTrack-B224,1001,0.5915988773131629
UAV2UAV-2,S47,test9_DJI_0192_3,ARTrackV2-B-256,1001,0.5396032538889681
UAV2UAV-2,S47,test9_DJI_0192_3,MCITrack-B224,1001,0.5392226820798248
UAV2UAV-2,S47,test9_DJI_0192_3,UETrack-B,1001,0.5546834118262689
UAV2UAV-2,S47,test9_DJI_0192_3,RLSM-IMMTrack,1001,0.5915988773131629
UAV2UAV-2,S48,test9_DJI_0192_4,SUTrack-B224,4521,0.632656070612275
UAV2UAV-2,S48,test9_DJI_0192_4,ARTrackV2-B-256,4521,0.4273601499878872
UAV2UAV-2,S48,test9_DJI_0192_4,MCITrack-B224,4521,0.6451164407368788
UAV2UAV-2,S48,test9_DJI_0192_4,UETrack-B,4521,0.42324180280384655
UAV2UAV-2,S48,test9_DJI_0192_4,RLSM-IMMTrack,4521,0.6358159277867307
UAV2UAV-2,S49,test9_DJI_0192_5,SUTrack-B224,1669,0.4912265685183602
UAV2UAV-2,S49,test9_DJI_0192_5,ARTrackV2-B-256,1669,0.4204399554908843
UAV2UAV-2,S49,test9_DJI_0192_5,MCITrack-B224,1669,0.276898057005906
UAV2UAV-2,S49,test9_DJI_0192_5,UETrack-B,1669,0.4796142543296529
UAV2UAV-2,S49,test9_DJI_0192_5,RLSM-IMMTrack,1669,0.49228223344460614
A2A-UAV-Tracking,V01,video01,SUTrack-B224,2634,0.816411758325198
A2A-UAV-Tracking,V01,video01,ARTrackV2-B-256,2634,0.7082655385616663
A2A-UAV-Tracking,V01,video01,MCITrack-B224,2634,0.790740138120548
A2A-UAV-Tracking,V01,video01,UETrack-B,2634,0.7885707054271975
A2A-UAV-Tracking,V01,video01,RLSM-IMMTrack,2634,0.816411758325198
A2A-UAV-Tracking,V02,video02,SUTrack-B224,1901,0.8670874978081713
A2A-UAV-Tracking,V02,video02,ARTrackV2-B-256,1901,0.8798627288895569
A2A-UAV-Tracking,V02,video02,MCITrack-B224,1901,0.8685153177525615
A2A-UAV-Tracking,V02,video02,UETrack-B,1901,0.8608000801583126
A2A-UAV-Tracking,V02,video02,RLSM-IMMTrack,1901,0.8670874978081713
A2A-UAV-Tracking,V03,video03,SUTrack-B224,503,0.7599166903341854
A2A-UAV-Tracking,V03,video03,ARTrackV2-B-256,503,0.7740225314778
A2A-UAV-Tracking,V03,video03,MCITrack-B224,503,0.7590646596610812
A2A-UAV-Tracking,V03,video03,UETrack-B,503,0.7688156773643852
A2A-UAV-Tracking,V03,video03,RLSM-IMMTrack,503,0.7599166903341854
A2A-UAV-Tracking,V04,video04,SUTrack-B224,398,0.7379755922469491
A2A-UAV-Tracking,V04,video04,ARTrackV2-B-256,398,0.7546063651591289
A2A-UAV-Tracking,V04,video04,MCITrack-B224,398,0.7458722182340274
A2A-UAV-Tracking,V04,video04,UETrack-B,398,0.741564967695621
A2A-UAV-Tracking,V04,video04,RLSM-IMMTrack,398,0.7379755922469491
A2A-UAV-Tracking,V05,video05,SUTrack-B224,2451,0.7886382623224728
A2A-UAV-Tracking,V05,video05,ARTrackV2-B-256,2451,0.8134677779720618
A2A-UAV-Tracking,V05,video05,MCITrack-B224,2451,0.8404149909657865
A2A-UAV-Tracking,V05,video05,UETrack-B,2451,0.7649161663849546
A2A-UAV-Tracking,V05,video05,RLSM-IMMTrack,2451,0.788813118066484
A2A-UAV-Tracking,V06,video06,SUTrack-B224,422,0.8833220491988265
A2A-UAV-Tracking,V06,video06,ARTrackV2-B-256,422,0.8780185059805913
A2A-UAV-Tracking,V06,video06,MCITrack-B224,422,0.8807266982622434
A2A-UAV-Tracking,V06,video06,UETrack-B,422,0.8885127510719929
A2A-UAV-Tracking,V06,video06,RLSM-IMMTrack,422,0.8833220491988265
A2A-UAV-Tracking,V07,video07,SUTrack-B224,1602,0.7204090125438439
A2A-UAV-Tracking,V07,video07,ARTrackV2-B-256,1602,0.7256405683371976
A2A-UAV-Tracking,V07,video07,MCITrack-B224,1602,0.7023363652577136
A2A-UAV-Tracking,V07,video07,UETrack-B,1602,0.689198026276678
A2A-UAV-Tracking,V07,video07,RLSM-IMMTrack,1602,0.7203495630461922
A2A-UAV-Tracking,V08,video08,SUTrack-B224,2144,0.8534115138592752
A2A-UAV-Tracking,V08,video08,ARTrackV2-B-256,2144,0.8502798507462688
A2A-UAV-Tracking,V08,video08,MCITrack-B224,2144,0.8425728500355366
A2A-UAV-Tracking,V08,video08,UETrack-B,2144,0.8310678749111585
A2A-UAV-Tracking,V08,video08,RLSM-IMMTrack,2144,0.8534115138592752
A2A-UAV-Tracking,V09,video09,SUTrack-B224,1273,0.8793625855683987
A2A-UAV-Tracking,V09,video09,ARTrackV2-B-256,1273,0.8685519769573188
A2A-UAV-Tracking,V09,video09,MCITrack-B224,1273,0.8736767291362737
A2A-UAV-Tracking,V09,video09,UETrack-B,1273,0.8518310702128457
A2A-UAV-Tracking,V09,video09,RLSM-IMMTrack,1273,0.8793625855683987
A2A-UAV-Tracking,V10,video10,SUTrack-B224,1177,0.8763603997248859
A2A-UAV-Tracking,V10,video10,ARTrackV2-B-256,1177,0.8698062062548045
A2A-UAV-Tracking,V10,video10,MCITrack-B224,1177,0.8712626936926003
A2A-UAV-Tracking,V10,video10,UETrack-B,1177,0.8699680381923371
A2A-UAV-Tracking,V10,video10,RLSM-IMMTrack,1177,0.8763603997248859
A2A-UAV-Tracking,V11,video11,SUTrack-B224,2642,0.8414801196784542
A2A-UAV-Tracking,V11,video11,ARTrackV2-B-256,2642,0.862712230993836
A2A-UAV-Tracking,V11,video11,MCITrack-B224,2642,0.8362712230993836
A2A-UAV-Tracking,V11,video11,UETrack-B,2642,0.856764356007354
A2A-UAV-Tracking,V11,video11,RLSM-IMMTrack,2642,0.8414801196784542
A2A-UAV-Tracking,V12,video12,SUTrack-B224,504,0.840702947845805
A2A-UAV-Tracking,V12,video12,ARTrackV2-B-256,504,0.8137755102040813
A2A-UAV-Tracking,V12,video12,MCITrack-B224,504,0.8369236583522296
A2A-UAV-Tracking,V12,video12,UETrack-B,504,0.8138699924414212
A2A-UAV-Tracking,V12,video12,RLSM-IMMTrack,504,0.840702947845805
A2A-UAV-Tracking,V13,video13,SUTrack-B224,570,0.794235588972431
A2A-UAV-Tracking,V13,video13,ARTrackV2-B-256,570,0.7624895572263994
A2A-UAV-Tracking,V13,video13,MCITrack-B224,570,0.8154553049289893
A2A-UAV-Tracking,V13,video13,UETrack-B,570,0.7893065998329156
A2A-UAV-Tracking,V13,video13,RLSM-IMMTrack,570,0.794235588972431
A2A-UAV-Tracking,V14,video14,SUTrack-B224,1383,0.8330406638432668
A2A-UAV-Tracking,V14,video14,ARTrackV2-B-256,1383,0.878077333608787
A2A-UAV-Tracking,V14,video14,MCITrack-B224,1383,0.8686430465172331
A2A-UAV-Tracking,V14,video14,UETrack-B,1383,0.8391006438728781
A2A-UAV-Tracking,V14,video14,RLSM-IMMTrack,1383,0.8330406638432668
A2A-UAV-Tracking,V15,video15,SUTrack-B224,1559,0.7618742172943584
A2A-UAV-Tracking,V15,video15,ARTrackV2-B-256,1559,0.6433916735392039
A2A-UAV-Tracking,V15,video15,MCITrack-B224,1559,0.7413787837136137
A2A-UAV-Tracking,V15,video15,UETrack-B,1559,0.5930847002046489
A2A-UAV-Tracking,V15,video15,RLSM-IMMTrack,1559,0.7618742172943584
A2A-UAV-Tracking,V16,video16,SUTrack-B224,1125,0.7465820105820106
A2A-UAV-Tracking,V16,video16,ARTrackV2-B-256,1125,0.8038518518518517
A2A-UAV-Tracking,V16,video16,MCITrack-B224,1125,0.788994708994709
A2A-UAV-Tracking,V16,video16,UETrack-B,1125,0.730962962962963
A2A-UAV-Tracking,V16,video16,RLSM-IMMTrack,1125,0.7465820105820106
A2A-UAV-Tracking,V17,video17,SUTrack-B224,1819,0.8068797612502944
A2A-UAV-Tracking,V17,video17,ARTrackV2-B-256,1819,0.8323516322416816
A2A-UAV-Tracking,V17,video17,MCITrack-B224,1819,0.7958323516322418
A2A-UAV-Tracking,V17,video17,UETrack-B,1819,0.826173460038221
A2A-UAV-Tracking,V17,video17,RLSM-IMMTrack,1819,0.8068797612502944
A2A-UAV-Tracking,V18,video18,SUTrack-B224,1681,0.7643126257046543
A2A-UAV-Tracking,V18,video18,ARTrackV2-B-256,1681,0.7972861958584743
A2A-UAV-Tracking,V18,video18,MCITrack-B224,1681,0.783745502960256
A2A-UAV-Tracking,V18,video18,UETrack-B,1681,0.8023852015523639
A2A-UAV-Tracking,V18,video18,RLSM-IMMTrack,1681,0.7643126257046543
A2A-UAV-Tracking,V19,video19,SUTrack-B224,1623,0.814364932664378
A2A-UAV-Tracking,V19,video19,ARTrackV2-B-256,1623,0.7842619487721152
A2A-UAV-Tracking,V19,video19,MCITrack-B224,1623,0.8098758912067597
A2A-UAV-Tracking,V19,video19,UETrack-B,1623,0.6086318692603351
A2A-UAV-Tracking,V19,video19,RLSM-IMMTrack,1623,0.814364932664378
A2A-UAV-Tracking,V20,video20,SUTrack-B224,4384,0.7825317170663885
A2A-UAV-Tracking,V20,video20,ARTrackV2-B-256,4384,0.6738681786583247
A2A-UAV-Tracking,V20,video20,MCITrack-B224,4384,0.5332051616266945
A2A-UAV-Tracking,V20,video20,UETrack-B,4384,0.4434849669794926
A2A-UAV-Tracking,V20,video20,RLSM-IMMTrack,4384,0.7825425790754258
A2A-UAV-Tracking,V21,video21,SUTrack-B224,834,0.9051615850177003
A2A-UAV-Tracking,V21,video21,ARTrackV2-B-256,834,0.9009934909215486
A2A-UAV-Tracking,V21,video21,MCITrack-B224,834,0.9012789768185451
A2A-UAV-Tracking,V21,video21,UETrack-B,834,0.8961402306726048
A2A-UAV-Tracking,V21,video21,RLSM-IMMTrack,834,0.9051615850177003
A2A-UAV-Tracking,V22,video22,SUTrack-B224,1215,0.7321575543797765
A2A-UAV-Tracking,V22,video22,ARTrackV2-B-256,1215,0.09727611209092689
A2A-UAV-Tracking,V22,video22,MCITrack-B224,1215,0.18067803252988437
A2A-UAV-Tracking,V22,video22,UETrack-B,1215,0.44413090339016265
A2A-UAV-Tracking,V22,video22,RLSM-IMMTrack,1215,0.733803644914756
A2A-UAV-Tracking,V23,video23,SUTrack-B224,1109,0.7545193009575337
A2A-UAV-Tracking,V23,video23,ARTrackV2-B-256,1109,0.7610459873760144
A2A-UAV-Tracking,V23,video23,MCITrack-B224,1109,0.7344669157112801
A2A-UAV-Tracking,V23,video23,UETrack-B,1109,0.7622482717162608
A2A-UAV-Tracking,V23,video23,RLSM-IMMTrack,1109,0.7545193009575337
